-- Adminer 4.1.0 MySQL dump

SET NAMES utf8;
SET time_zone = '+00:00';
SET foreign_key_checks = 0;
SET sql_mode = 'NO_AUTO_VALUE_ON_ZERO';

DROP DATABASE IF EXISTS `booking`;
CREATE DATABASE `booking` /*!40100 DEFAULT CHARACTER SET latin1 */;
USE `booking`;

DROP TABLE IF EXISTS `credit_card`;
CREATE TABLE `credit_card` (
  `id` int(11) NOT NULL AUTO_INCREMENT,
  `user_id` int(11) NOT NULL,
  `card_number` varchar(20) COLLATE utf8_unicode_ci NOT NULL,
  `cvv` int(11) NOT NULL,
  `updated_at` timestamp NOT NULL DEFAULT CURRENT_TIMESTAMP ON UPDATE CURRENT_TIMESTAMP,
  `created_at` timestamp NOT NULL DEFAULT '0000-00-00 00:00:00',
  PRIMARY KEY (`id`),
  KEY `user_id` (`user_id`),
  CONSTRAINT `credit_card_ibfk_1` FOREIGN KEY (`user_id`) REFERENCES `users` (`id`)
) ENGINE=InnoDB DEFAULT CHARSET=utf8 COLLATE=utf8_unicode_ci;

INSERT INTO `credit_card` (`id`, `user_id`, `card_number`, `cvv`, `updated_at`, `created_at`) VALUES
(1,	53,	'341390594843774',	499,	'2015-01-25 17:20:20',	'2015-01-25 17:20:20'),
(2,	58,	'4760125128040099',	590,	'2015-01-25 17:20:20',	'2015-01-25 17:20:20'),
(3,	58,	'377585313736927',	983,	'2015-01-25 17:20:20',	'2015-01-25 17:20:20'),
(4,	38,	'347212919445707',	705,	'2015-01-25 17:20:20',	'2015-01-25 17:20:20'),
(5,	7,	'5293971617347561',	955,	'2015-01-25 17:20:20',	'2015-01-25 17:20:20'),
(6,	41,	'5494244663878348',	893,	'2015-01-25 17:20:20',	'2015-01-25 17:20:20'),
(7,	4,	'341200675351548',	409,	'2015-01-25 17:20:20',	'2015-01-25 17:20:20'),
(8,	15,	'5169408670798874',	423,	'2015-01-25 17:20:20',	'2015-01-25 17:20:20'),
(9,	6,	'379813381867012',	227,	'2015-01-25 17:20:20',	'2015-01-25 17:20:20'),
(10,	64,	'371997271538710',	811,	'2015-01-25 17:20:20',	'2015-01-25 17:20:20'),
(11,	56,	'349465756103868',	754,	'2015-01-25 17:20:20',	'2015-01-25 17:20:20'),
(12,	53,	'4191758248442784',	161,	'2015-01-25 17:20:20',	'2015-01-25 17:20:20'),
(13,	19,	'371731897940398',	539,	'2015-01-25 17:20:20',	'2015-01-25 17:20:20'),
(14,	6,	'343745086628478',	471,	'2015-01-25 17:20:20',	'2015-01-25 17:20:20'),
(15,	15,	'5192760882070287',	169,	'2015-01-25 17:20:20',	'2015-01-25 17:20:20'),
(16,	7,	'372036939163699',	967,	'2015-01-25 17:20:20',	'2015-01-25 17:20:20'),
(17,	62,	'5455202721315439',	865,	'2015-01-25 17:20:20',	'2015-01-25 17:20:20'),
(18,	18,	'5155195752391591',	318,	'2015-01-25 17:20:20',	'2015-01-25 17:20:20'),
(19,	22,	'5384665611153464',	282,	'2015-01-25 17:20:20',	'2015-01-25 17:20:20'),
(20,	5,	'349122445709074',	788,	'2015-01-25 17:20:20',	'2015-01-25 17:20:20'),
(21,	49,	'4227710697520521',	856,	'2015-01-25 17:20:20',	'2015-01-25 17:20:20'),
(22,	42,	'346782636902296',	256,	'2015-01-25 17:20:20',	'2015-01-25 17:20:20'),
(23,	11,	'5125715525299319',	380,	'2015-01-25 17:20:20',	'2015-01-25 17:20:20'),
(24,	18,	'5356370748532930',	247,	'2015-01-25 17:20:20',	'2015-01-25 17:20:20'),
(25,	21,	'5349035801980645',	667,	'2015-01-25 17:20:20',	'2015-01-25 17:20:20'),
(26,	64,	'5194737502266655',	443,	'2015-01-25 17:20:20',	'2015-01-25 17:20:20'),
(27,	43,	'5141469103894192',	149,	'2015-01-25 17:20:20',	'2015-01-25 17:20:20'),
(28,	26,	'5148772004083735',	494,	'2015-01-25 17:20:20',	'2015-01-25 17:20:20'),
(29,	20,	'5257300539766431',	765,	'2015-01-25 17:20:20',	'2015-01-25 17:20:20'),
(30,	13,	'5185298618893139',	506,	'2015-01-25 17:20:20',	'2015-01-25 17:20:20'),
(31,	13,	'4821248846827077',	957,	'2015-01-25 17:20:20',	'2015-01-25 17:20:20'),
(32,	55,	'5146728252344763',	380,	'2015-01-25 17:20:20',	'2015-01-25 17:20:20'),
(33,	13,	'378204991501291',	920,	'2015-01-25 17:20:20',	'2015-01-25 17:20:20'),
(34,	20,	'5158383464724755',	671,	'2015-01-25 17:20:20',	'2015-01-25 17:20:20'),
(35,	19,	'5319248951626946',	502,	'2015-01-25 17:20:20',	'2015-01-25 17:20:20'),
(36,	46,	'344535275470932',	328,	'2015-01-25 17:20:20',	'2015-01-25 17:20:20'),
(37,	45,	'5135077042826452',	142,	'2015-01-25 17:20:20',	'2015-01-25 17:20:20'),
(38,	31,	'5446797844688400',	513,	'2015-01-25 17:20:20',	'2015-01-25 17:20:20'),
(39,	24,	'5140414163595993',	932,	'2015-01-25 17:20:20',	'2015-01-25 17:20:20');

DELIMITER ;;

CREATE TRIGGER `credit_card_create` BEFORE INSERT ON `credit_card` FOR EACH ROW
SET NEW.created_at = NOW(), NEW.updated_at = NOW();;

CREATE TRIGGER `credit_card_update` BEFORE UPDATE ON `credit_card` FOR EACH ROW
SET NEW.updated_at = NOW(), NEW.created_at = OLD.created_at;;

DELIMITER ;

DROP TABLE IF EXISTS `payment_history`;
CREATE TABLE `payment_history` (
  `id` int(11) NOT NULL AUTO_INCREMENT,
  `user_id` int(11) NOT NULL,
  `card_number` varchar(20) COLLATE utf8_unicode_ci NOT NULL,
  `cvv2` int(11) NOT NULL,
  `track_id` int(11) NOT NULL,
  `currencycode` text COLLATE utf8_unicode_ci NOT NULL,
  `cardholder_name` text COLLATE utf8_unicode_ci NOT NULL,
  `cc_brand` text COLLATE utf8_unicode_ci NOT NULL,
  `expmoth` text COLLATE utf8_unicode_ci NOT NULL,
  `expyear` text COLLATE utf8_unicode_ci NOT NULL,
  `bill_amount` text COLLATE utf8_unicode_ci NOT NULL,
  `tranid` text COLLATE utf8_unicode_ci NOT NULL,
  `authcode` text COLLATE utf8_unicode_ci NOT NULL,
  `customertoken` text COLLATE utf8_unicode_ci NOT NULL,
  `updated_at` timestamp NOT NULL DEFAULT CURRENT_TIMESTAMP ON UPDATE CURRENT_TIMESTAMP,
  `created_at` timestamp NOT NULL DEFAULT '0000-00-00 00:00:00',
  PRIMARY KEY (`id`),
  KEY `user_id` (`user_id`)
) ENGINE=InnoDB DEFAULT CHARSET=utf8 COLLATE=utf8_unicode_ci;

INSERT INTO `payment_history` (`id`, `user_id`, `card_number`, `cvv2`, `track_id`, `currencycode`, `cardholder_name`, `cc_brand`, `expmoth`, `expyear`, `bill_amount`, `tranid`, `authcode`, `customertoken`, `updated_at`, `created_at`) VALUES
(1,	72,	'4543474002249996',	956,	111,	'USD',	'\"thinh voxuan\"',	'\"VISA\"',	'06',	'2017',	'1.00',	'40360594',	'651577',	'03d3d22f-9423-4127-a6eb-2222c0ca785f',	'2015-01-27 18:17:05',	'2015-01-27 18:17:05'),
(2,	72,	'5436031030606378',	257,	230,	'USD',	'thinhv',	'MC',	'6',	'2017',	'1.00',	'40366002',	'738279',	'2afe1f2f-30e2-41f3-993e-0625f1fe10b2',	'2015-01-27 19:33:50',	'2015-01-27 19:33:50'),
(3,	72,	'5436031030606378',	257,	230,	'USD',	'thinhv',	'MC',	'6',	'2017',	'1.00',	'40366098',	'632713',	'2afe1f2f-30e2-41f3-993e-0625f1fe10b2',	'2015-01-27 19:35:18',	'2015-01-27 19:35:18'),
(4,	72,	'5436031030606378',	257,	231,	'USD',	'thinhvo',	'MC',	'6',	'2017',	'7.00',	'40366443',	'026691',	'2afe1f2f-30e2-41f3-993e-0625f1fe10b2',	'2015-01-27 19:40:29',	'2015-01-27 19:40:29'),
(5,	72,	'5436031030606378',	257,	232,	'USD',	'thinh voxuan',	'MC',	'6',	'2017',	'1.00',	'40374792',	'855931',	'2afe1f2f-30e2-41f3-993e-0625f1fe10b2',	'2015-01-28 02:47:07',	'2015-01-28 02:47:07'),
(6,	72,	'5436031030606378',	257,	235,	'USD',	'5436031030606378',	'MC',	'6',	'2017',	'12.00',	'40375784',	'934533',	'2afe1f2f-30e2-41f3-993e-0625f1fe10b2',	'2015-01-28 03:33:13',	'2015-01-28 03:33:13'),
(7,	72,	'5436031030606378',	257,	236,	'USD',	'5436031030606378',	'MC',	'6',	'2017',	'3.00',	'40376533',	'592845',	'2afe1f2f-30e2-41f3-993e-0625f1fe10b2',	'2015-01-28 04:05:17',	'2015-01-28 04:05:17'),
(8,	72,	'5436031030606378',	257,	236,	'USD',	'5436031030606378',	'MC',	'6',	'2017',	'3.00',	'40376532',	'592845',	'2afe1f2f-30e2-41f3-993e-0625f1fe10b2',	'2015-01-28 04:05:17',	'2015-01-28 04:05:17');

DELIMITER ;;

CREATE TRIGGER `create_at` BEFORE INSERT ON `payment_history` FOR EACH ROW
SET NEW.created_at = NOW(), NEW.updated_at = NOW();;

CREATE TRIGGER `update_at` BEFORE UPDATE ON `payment_history` FOR EACH ROW
SET NEW.updated_at = NOW(), NEW.created_at = OLD.created_at;;

DELIMITER ;

DROP TABLE IF EXISTS `review`;
CREATE TABLE `review` (
  `id` int(11) NOT NULL AUTO_INCREMENT,
  `task_id` int(11) NOT NULL,
  `review_content` text COLLATE utf8_unicode_ci NOT NULL,
  `review_title` text COLLATE utf8_unicode_ci NOT NULL,
  `rating_start` int(11) NOT NULL,
  `updated_at` timestamp NOT NULL DEFAULT CURRENT_TIMESTAMP ON UPDATE CURRENT_TIMESTAMP,
  `created_at` timestamp NOT NULL DEFAULT '0000-00-00 00:00:00',
  PRIMARY KEY (`id`),
  KEY `task_id` (`task_id`),
  CONSTRAINT `review_ibfk_1` FOREIGN KEY (`task_id`) REFERENCES `task` (`id`)
) ENGINE=InnoDB DEFAULT CHARSET=utf8 COLLATE=utf8_unicode_ci;

INSERT INTO `review` (`id`, `task_id`, `review_content`, `review_title`, `rating_start`, `updated_at`, `created_at`) VALUES
(78,	142,	'sem egestas blandit. Nam nulla magna, malesuada vel, convallis in, cursus et, eros. Proin ultrices. Duis volutpat nunc sit amet metus. Aliquam erat volutpat. Nulla facilisis. Suspendisse commodo tincidunt nibh. Phasellus',	'Talent she for lively eat led sister.',	5,	'2015-01-25 19:16:47',	'2015-01-25 17:15:35'),
(79,	151,	'et, commodo at, libero. Morbi accumsan laoreet ipsum. Curabitur consequat, lectus sit amet luctus vulputate, nisi sem semper erat, in consectetuer ipsum nunc id enim. Curabitur massa. Vestibulum accumsan neque et nunc. Quisque ornare tortor at risus. Nunc',	'Talent she for lively eat led sister.',	4,	'2015-01-25 19:16:47',	'2015-01-25 17:15:35'),
(80,	141,	'aliquam, enim nec tempus scelerisque, lorem ipsum sodales purus, in molestie tortor nibh sit amet orci. Ut sagittis lobortis mauris. Suspendisse aliquet molestie tellus. Aenean egestas hendrerit neque. In ornare sagittis felis. Donec tempor, est ac',	'Talent she for lively eat led sister.',	4,	'2015-01-25 19:16:47',	'2015-01-25 17:15:35'),
(81,	105,	'molestie. Sed id risus quis diam luctus lobortis. Class aptent taciti sociosqu ad litora torquent per conubia nostra, per inceptos hymenaeos. Mauris ut quam vel sapien imperdiet ornare. In faucibus. Morbi vehicula. Pellentesque tincidunt tempus risus. Donec egestas. Duis ac',	'Talent she for lively eat led sister.',	5,	'2015-01-25 19:16:47',	'2015-01-25 17:15:35'),
(82,	174,	'Praesent interdum ligula eu enim. Etiam imperdiet dictum magna. Ut tincidunt orci quis lectus. Nullam suscipit, est ac facilisis facilisis, magna tellus faucibus leo, in lobortis tellus justo sit amet nulla. Donec non justo.',	'Talent she for lively eat led sister.',	2,	'2015-01-25 19:16:47',	'2015-01-25 17:15:35'),
(83,	106,	'dictum. Proin eget odio. Aliquam vulputate ullamcorper magna. Sed eu eros. Nam consequat dolor vitae dolor. Donec fringilla. Donec feugiat metus sit amet ante. Vivamus non lorem vitae odio sagittis semper. Nam tempor diam dictum sapien. Aenean',	'Talent she for lively eat led sister.',	3,	'2015-01-25 19:16:47',	'2015-01-25 17:15:35'),
(84,	150,	'eu nibh vulputate mauris sagittis placerat. Cras dictum ultricies ligula. Nullam enim. Sed nulla ante, iaculis nec, eleifend non, dapibus rutrum, justo. Praesent luctus. Curabitur egestas nunc sed libero. Proin sed turpis nec mauris blandit mattis.',	'Talent she for lively eat led sister.',	3,	'2015-01-25 19:16:47',	'2015-01-25 17:15:35'),
(85,	113,	'Phasellus dapibus quam quis diam. Pellentesque habitant morbi tristique senectus et netus et malesuada fames ac turpis egestas. Fusce aliquet magna a neque. Nullam ut nisi a odio semper cursus. Integer mollis. Integer tincidunt aliquam arcu. Aliquam ultrices iaculis',	'Talent she for lively eat led sister.',	3,	'2015-01-25 19:16:47',	'2015-01-25 17:15:35'),
(86,	106,	'eros. Nam consequat dolor vitae dolor. Donec fringilla. Donec feugiat metus sit amet ante. Vivamus non lorem vitae odio sagittis semper. Nam tempor diam dictum sapien. Aenean massa. Integer vitae nibh. Donec est',	'Talent she for lively eat led sister.',	5,	'2015-01-25 19:16:47',	'2015-01-25 17:15:35'),
(87,	200,	'odio, auctor vitae, aliquet nec, imperdiet nec, leo. Morbi neque tellus, imperdiet non, vestibulum nec, euismod in, dolor. Fusce feugiat. Lorem ipsum dolor sit amet, consectetuer adipiscing elit. Aliquam auctor, velit eget',	'Talent she for lively eat led sister.',	1,	'2015-01-25 19:16:47',	'2015-01-25 17:15:35'),
(88,	181,	'magnis dis parturient montes, nascetur ridiculus mus. Proin vel nisl. Quisque fringilla euismod enim. Etiam gravida molestie arcu. Sed eu nibh vulputate mauris sagittis placerat. Cras dictum ultricies ligula. Nullam enim. Sed nulla ante, iaculis',	'Talent she for lively eat led sister.',	5,	'2015-01-25 19:16:47',	'2015-01-25 17:15:35'),
(89,	123,	'Pellentesque ut ipsum ac mi eleifend egestas. Sed pharetra, felis eget varius ultrices, mauris ipsum porta elit, a feugiat tellus lorem eu metus. In lorem. Donec elementum, lorem ut aliquam iaculis,',	'Talent she for lively eat led sister.',	4,	'2015-01-25 19:16:47',	'2015-01-25 17:15:35'),
(90,	166,	'pede. Suspendisse dui. Fusce diam nunc, ullamcorper eu, euismod ac, fermentum vel, mauris. Integer sem elit, pharetra ut, pharetra sed, hendrerit a, arcu. Sed et libero. Proin mi. Aliquam gravida mauris ut mi. Duis risus odio, auctor vitae,',	'Talent she for lively eat led sister.',	3,	'2015-01-25 19:16:47',	'2015-01-25 17:15:35'),
(91,	123,	'dolor dolor, tempus non, lacinia at, iaculis quis, pede. Praesent eu dui. Cum sociis natoque penatibus et magnis dis parturient montes, nascetur ridiculus mus. Aenean eget magna. Suspendisse tristique neque venenatis',	'Talent she for lively eat led sister.',	2,	'2015-01-25 19:16:47',	'2015-01-25 17:15:35'),
(92,	142,	'Quisque ac libero nec ligula consectetuer rhoncus. Nullam velit dui, semper et, lacinia vitae, sodales at, velit. Pellentesque ultricies dignissim lacus. Aliquam rutrum lorem ac risus. Morbi metus. Vivamus euismod urna. Nullam lobortis quam a felis ullamcorper',	'Talent she for lively eat led sister.',	1,	'2015-01-25 19:16:47',	'2015-01-25 17:15:35'),
(93,	161,	'eget odio. Aliquam vulputate ullamcorper magna. Sed eu eros. Nam consequat dolor vitae dolor. Donec fringilla. Donec feugiat metus sit amet ante. Vivamus non lorem vitae odio sagittis semper. Nam',	'Talent she for lively eat led sister.',	2,	'2015-01-25 19:16:47',	'2015-01-25 17:15:35'),
(94,	194,	'magna, malesuada vel, convallis in, cursus et, eros. Proin ultrices. Duis volutpat nunc sit amet metus. Aliquam erat volutpat. Nulla facilisis. Suspendisse commodo tincidunt nibh. Phasellus nulla. Integer vulputate, risus a ultricies adipiscing,',	'Talent she for lively eat led sister.',	5,	'2015-01-25 19:16:47',	'2015-01-25 17:15:35'),
(95,	161,	'ligula eu enim. Etiam imperdiet dictum magna. Ut tincidunt orci quis lectus. Nullam suscipit, est ac facilisis facilisis, magna tellus faucibus leo, in lobortis tellus justo sit amet nulla. Donec non justo. Proin non massa non ante bibendum ullamcorper. Duis',	'Talent she for lively eat led sister.',	1,	'2015-01-25 19:16:47',	'2015-01-25 17:15:35'),
(96,	156,	'diam dictum sapien. Aenean massa. Integer vitae nibh. Donec est mauris, rhoncus id, mollis nec, cursus a, enim. Suspendisse aliquet, sem ut cursus luctus, ipsum leo elementum sem, vitae aliquam eros turpis non enim. Mauris quis turpis vitae purus',	'Talent she for lively eat led sister.',	2,	'2015-01-25 19:16:47',	'2015-01-25 17:15:35'),
(97,	113,	'Aliquam rutrum lorem ac risus. Morbi metus. Vivamus euismod urna. Nullam lobortis quam a felis ullamcorper viverra. Maecenas iaculis aliquet diam. Sed diam lorem, auctor quis, tristique ac, eleifend vitae, erat. Vivamus nisi. Mauris nulla. Integer urna. Vivamus molestie dapibus',	'Talent she for lively eat led sister.',	1,	'2015-01-25 19:16:47',	'2015-01-25 17:15:35'),
(98,	108,	'Etiam vestibulum massa rutrum magna. Cras convallis convallis dolor. Quisque tincidunt pede ac urna. Ut tincidunt vehicula risus. Nulla eget metus eu erat semper rutrum. Fusce dolor quam, elementum at, egestas a, scelerisque sed, sapien.',	'Talent she for lively eat led sister.',	4,	'2015-01-25 19:16:47',	'2015-01-25 17:15:35'),
(99,	174,	'felis. Nulla tempor augue ac ipsum. Phasellus vitae mauris sit amet lorem semper auctor. Mauris vel turpis. Aliquam adipiscing lobortis risus. In mi pede, nonummy ut, molestie in, tempus eu, ligula. Aenean euismod mauris eu elit. Nulla',	'Talent she for lively eat led sister.',	1,	'2015-01-25 19:16:47',	'2015-01-25 17:15:35'),
(100,	173,	'in, cursus et, eros. Proin ultrices. Duis volutpat nunc sit amet metus. Aliquam erat volutpat. Nulla facilisis. Suspendisse commodo tincidunt nibh. Phasellus nulla. Integer vulputate, risus a ultricies adipiscing, enim mi',	'Talent she for lively eat led sister.',	3,	'2015-01-25 19:16:47',	'2015-01-25 17:15:35'),
(101,	108,	'tincidunt dui augue eu tellus. Phasellus elit pede, malesuada vel, venenatis vel, faucibus id, libero. Donec consectetuer mauris id sapien. Cras dolor dolor, tempus non, lacinia at, iaculis quis, pede. Praesent eu dui. Cum sociis natoque penatibus et magnis dis',	'Talent she for lively eat led sister.',	2,	'2015-01-25 19:16:47',	'2015-01-25 17:15:35'),
(102,	170,	'molestie. Sed id risus quis diam luctus lobortis. Class aptent taciti sociosqu ad litora torquent per conubia nostra, per inceptos hymenaeos. Mauris ut quam vel sapien imperdiet ornare. In faucibus. Morbi',	'Talent she for lively eat led sister.',	3,	'2015-01-25 19:16:47',	'2015-01-25 17:15:35'),
(103,	101,	'posuere vulputate, lacus. Cras interdum. Nunc sollicitudin commodo ipsum. Suspendisse non leo. Vivamus nibh dolor, nonummy ac, feugiat non, lobortis quis, pede. Suspendisse dui. Fusce diam nunc, ullamcorper eu, euismod ac, fermentum vel, mauris. Integer sem',	'Talent she for lively eat led sister.',	4,	'2015-01-25 19:16:47',	'2015-01-25 17:15:35'),
(104,	114,	'non, sollicitudin a, malesuada id, erat. Etiam vestibulum massa rutrum magna. Cras convallis convallis dolor. Quisque tincidunt pede ac urna. Ut tincidunt vehicula risus. Nulla eget metus eu erat semper rutrum. Fusce dolor',	'Talent she for lively eat led sister.',	4,	'2015-01-25 19:16:47',	'2015-01-25 17:15:35'),
(105,	190,	'et risus. Quisque libero lacus, varius et, euismod et, commodo at, libero. Morbi accumsan laoreet ipsum. Curabitur consequat, lectus sit amet luctus vulputate, nisi sem semper erat, in consectetuer ipsum nunc id enim. Curabitur massa. Vestibulum accumsan',	'Talent she for lively eat led sister.',	2,	'2015-01-25 19:16:47',	'2015-01-25 17:15:35'),
(106,	177,	'aliquam iaculis, lacus pede sagittis augue, eu tempor erat neque non quam. Pellentesque habitant morbi tristique senectus et netus et malesuada fames ac turpis egestas. Aliquam fringilla cursus purus. Nullam scelerisque neque',	'Talent she for lively eat led sister.',	5,	'2015-01-25 19:16:47',	'2015-01-25 17:15:35'),
(107,	176,	'nisi nibh lacinia orci, consectetuer euismod est arcu ac orci. Ut semper pretium neque. Morbi quis urna. Nunc quis arcu vel quam dignissim pharetra. Nam ac nulla. In tincidunt congue turpis. In condimentum. Donec',	'Talent she for lively eat led sister.',	1,	'2015-01-25 19:16:47',	'2015-01-25 17:15:35'),
(108,	149,	'Suspendisse sagittis. Nullam vitae diam. Proin dolor. Nulla semper tellus id nunc interdum feugiat. Sed nec metus facilisis lorem tristique aliquet. Phasellus fermentum convallis ligula. Donec luctus aliquet odio. Etiam ligula tortor, dictum eu, placerat eget,',	'Talent she for lively eat led sister.',	3,	'2015-01-25 19:16:47',	'2015-01-25 17:15:35'),
(109,	186,	'risus. Morbi metus. Vivamus euismod urna. Nullam lobortis quam a felis ullamcorper viverra. Maecenas iaculis aliquet diam. Sed diam lorem, auctor quis, tristique ac, eleifend vitae, erat. Vivamus nisi. Mauris nulla. Integer urna. Vivamus molestie dapibus ligula.',	'Talent she for lively eat led sister.',	1,	'2015-01-25 19:16:47',	'2015-01-25 17:15:35'),
(110,	188,	'Quisque porttitor eros nec tellus. Nunc lectus pede, ultrices a, auctor non, feugiat nec, diam. Duis mi enim, condimentum eget, volutpat ornare, facilisis eget, ipsum. Donec sollicitudin adipiscing ligula. Aenean gravida nunc sed pede. Cum sociis natoque penatibus',	'Talent she for lively eat led sister.',	3,	'2015-01-25 19:16:47',	'2015-01-25 17:15:35'),
(111,	162,	'eu arcu. Morbi sit amet massa. Quisque porttitor eros nec tellus. Nunc lectus pede, ultrices a, auctor non, feugiat nec, diam. Duis mi enim, condimentum eget, volutpat ornare, facilisis eget, ipsum. Donec sollicitudin adipiscing ligula. Aenean gravida nunc',	'Talent she for lively eat led sister.',	2,	'2015-01-25 19:16:47',	'2015-01-25 17:15:35'),
(112,	136,	'magna. Phasellus dolor elit, pellentesque a, facilisis non, bibendum sed, est. Nunc laoreet lectus quis massa. Mauris vestibulum, neque sed dictum eleifend, nunc risus varius orci, in consequat enim diam vel arcu. Curabitur ut odio vel est tempor bibendum.',	'Talent she for lively eat led sister.',	5,	'2015-01-25 19:16:47',	'2015-01-25 17:15:35'),
(113,	169,	'dui. Fusce diam nunc, ullamcorper eu, euismod ac, fermentum vel, mauris. Integer sem elit, pharetra ut, pharetra sed, hendrerit a, arcu. Sed et libero. Proin mi. Aliquam gravida mauris ut',	'Talent she for lively eat led sister.',	4,	'2015-01-25 19:16:47',	'2015-01-25 17:15:35'),
(114,	118,	'neque venenatis lacus. Etiam bibendum fermentum metus. Aenean sed pede nec ante blandit viverra. Donec tempus, lorem fringilla ornare placerat, orci lacus vestibulum lorem, sit amet ultricies sem magna nec',	'Talent she for lively eat led sister.',	4,	'2015-01-25 19:16:47',	'2015-01-25 17:15:35'),
(115,	145,	'dolor quam, elementum at, egestas a, scelerisque sed, sapien. Nunc pulvinar arcu et pede. Nunc sed orci lobortis augue scelerisque mollis. Phasellus libero mauris, aliquam eu, accumsan sed, facilisis vitae, orci. Phasellus dapibus quam quis',	'Talent she for lively eat led sister.',	1,	'2015-01-25 19:16:47',	'2015-01-25 17:15:35'),
(116,	152,	'Sed malesuada augue ut lacus. Nulla tincidunt, neque vitae semper egestas, urna justo faucibus lectus, a sollicitudin orci sem eget massa. Suspendisse eleifend. Cras sed leo. Cras vehicula aliquet libero. Integer in magna. Phasellus dolor elit,',	'Talent she for lively eat led sister.',	1,	'2015-01-25 19:16:47',	'2015-01-25 17:15:35'),
(117,	101,	'arcu eu odio tristique pharetra. Quisque ac libero nec ligula consectetuer rhoncus. Nullam velit dui, semper et, lacinia vitae, sodales at, velit. Pellentesque ultricies dignissim lacus. Aliquam rutrum lorem ac risus. Morbi',	'Talent she for lively eat led sister.',	4,	'2015-01-25 19:16:47',	'2015-01-25 17:15:35'),
(118,	194,	'velit dui, semper et, lacinia vitae, sodales at, velit. Pellentesque ultricies dignissim lacus. Aliquam rutrum lorem ac risus. Morbi metus. Vivamus euismod urna. Nullam lobortis quam a felis ullamcorper viverra. Maecenas iaculis aliquet diam. Sed diam lorem, auctor quis,',	'Talent she for lively eat led sister.',	1,	'2015-01-25 19:16:47',	'2015-01-25 17:15:35'),
(119,	195,	'Nulla semper tellus id nunc interdum feugiat. Sed nec metus facilisis lorem tristique aliquet. Phasellus fermentum convallis ligula. Donec luctus aliquet odio. Etiam ligula tortor, dictum eu, placerat eget, venenatis a, magna. Lorem ipsum dolor sit',	'Talent she for lively eat led sister.',	2,	'2015-01-25 19:16:47',	'2015-01-25 17:15:35'),
(120,	101,	'tristique aliquet. Phasellus fermentum convallis ligula. Donec luctus aliquet odio. Etiam ligula tortor, dictum eu, placerat eget, venenatis a, magna. Lorem ipsum dolor sit amet, consectetuer adipiscing elit. Etiam laoreet, libero et tristique pellentesque, tellus sem',	'Talent she for lively eat led sister.',	5,	'2015-01-25 19:16:47',	'2015-01-25 17:15:35'),
(121,	155,	'non dui nec urna suscipit nonummy. Fusce fermentum fermentum arcu. Vestibulum ante ipsum primis in faucibus orci luctus et ultrices posuere cubilia Curae; Phasellus ornare. Fusce mollis. Duis sit amet diam eu dolor egestas',	'Talent she for lively eat led sister.',	3,	'2015-01-25 19:16:47',	'2015-01-25 17:15:35'),
(122,	119,	'iaculis, lacus pede sagittis augue, eu tempor erat neque non quam. Pellentesque habitant morbi tristique senectus et netus et malesuada fames ac turpis egestas. Aliquam fringilla cursus purus. Nullam scelerisque neque sed sem egestas blandit. Nam nulla magna, malesuada vel,',	'Talent she for lively eat led sister.',	3,	'2015-01-25 19:16:47',	'2015-01-25 17:15:35'),
(123,	129,	'ornare, elit elit fermentum risus, at fringilla purus mauris a nunc. In at pede. Cras vulputate velit eu sem. Pellentesque ut ipsum ac mi eleifend egestas. Sed pharetra, felis eget varius ultrices, mauris ipsum porta',	'Talent she for lively eat led sister.',	4,	'2015-01-25 19:16:47',	'2015-01-25 17:15:35'),
(124,	118,	'enim. Nunc ut erat. Sed nunc est, mollis non, cursus non, egestas a, dui. Cras pellentesque. Sed dictum. Proin eget odio. Aliquam vulputate ullamcorper magna. Sed eu eros. Nam consequat dolor vitae dolor.',	'Talent she for lively eat led sister.',	4,	'2015-01-25 19:16:47',	'2015-01-25 17:15:35'),
(125,	142,	'adipiscing lobortis risus. In mi pede, nonummy ut, molestie in, tempus eu, ligula. Aenean euismod mauris eu elit. Nulla facilisi. Sed neque. Sed eget lacus. Mauris non dui nec urna suscipit nonummy. Fusce',	'Talent she for lively eat led sister.',	3,	'2015-01-25 19:16:47',	'2015-01-25 17:15:35'),
(126,	179,	'eget varius ultrices, mauris ipsum porta elit, a feugiat tellus lorem eu metus. In lorem. Donec elementum, lorem ut aliquam iaculis, lacus pede sagittis augue, eu tempor erat neque non quam. Pellentesque habitant morbi tristique senectus',	'Talent she for lively eat led sister.',	2,	'2015-01-25 19:16:47',	'2015-01-25 17:15:35'),
(127,	138,	'aliquam iaculis, lacus pede sagittis augue, eu tempor erat neque non quam. Pellentesque habitant morbi tristique senectus et netus et malesuada fames ac turpis egestas. Aliquam fringilla cursus purus. Nullam scelerisque',	'Talent she for lively eat led sister.',	5,	'2015-01-25 19:16:47',	'2015-01-25 17:15:35'),
(128,	134,	'leo. Vivamus nibh dolor, nonummy ac, feugiat non, lobortis quis, pede. Suspendisse dui. Fusce diam nunc, ullamcorper eu, euismod ac, fermentum vel, mauris. Integer sem elit, pharetra ut, pharetra sed, hendrerit',	'Talent she for lively eat led sister.',	5,	'2015-01-25 19:16:47',	'2015-01-25 17:15:35'),
(129,	106,	'mauris id sapien. Cras dolor dolor, tempus non, lacinia at, iaculis quis, pede. Praesent eu dui. Cum sociis natoque penatibus et magnis dis parturient montes, nascetur ridiculus mus. Aenean eget magna. Suspendisse tristique neque venenatis lacus. Etiam bibendum',	'Talent she for lively eat led sister.',	3,	'2015-01-25 19:16:47',	'2015-01-25 17:15:35'),
(130,	156,	'auctor, nunc nulla vulputate dui, nec tempus mauris erat eget ipsum. Suspendisse sagittis. Nullam vitae diam. Proin dolor. Nulla semper tellus id nunc interdum feugiat. Sed nec metus facilisis lorem tristique',	'Talent she for lively eat led sister.',	3,	'2015-01-25 19:16:47',	'2015-01-25 17:15:35'),
(131,	120,	'accumsan laoreet ipsum. Curabitur consequat, lectus sit amet luctus vulputate, nisi sem semper erat, in consectetuer ipsum nunc id enim. Curabitur massa. Vestibulum accumsan neque et nunc. Quisque ornare tortor at risus. Nunc ac sem ut dolor dapibus',	'Talent she for lively eat led sister.',	1,	'2015-01-25 19:16:47',	'2015-01-25 17:15:35'),
(132,	190,	'vitae dolor. Donec fringilla. Donec feugiat metus sit amet ante. Vivamus non lorem vitae odio sagittis semper. Nam tempor diam dictum sapien. Aenean massa. Integer vitae nibh. Donec est mauris, rhoncus id, mollis nec, cursus a,',	'Talent she for lively eat led sister.',	1,	'2015-01-25 19:16:47',	'2015-01-25 17:15:35'),
(133,	196,	'aliquam eros turpis non enim. Mauris quis turpis vitae purus gravida sagittis. Duis gravida. Praesent eu nulla at sem molestie sodales. Mauris blandit enim consequat purus. Maecenas libero est, congue a, aliquet vel, vulputate eu, odio. Phasellus',	'Talent she for lively eat led sister.',	1,	'2015-01-25 19:16:47',	'2015-01-25 17:15:35'),
(134,	151,	'et, rutrum eu, ultrices sit amet, risus. Donec nibh enim, gravida sit amet, dapibus id, blandit at, nisi. Cum sociis natoque penatibus et magnis dis parturient montes, nascetur ridiculus mus. Proin vel nisl. Quisque fringilla euismod',	'Talent she for lively eat led sister.',	2,	'2015-01-25 19:16:47',	'2015-01-25 17:15:35'),
(135,	140,	'ullamcorper magna. Sed eu eros. Nam consequat dolor vitae dolor. Donec fringilla. Donec feugiat metus sit amet ante. Vivamus non lorem vitae odio sagittis semper. Nam tempor diam dictum sapien. Aenean massa. Integer vitae',	'Talent she for lively eat led sister.',	2,	'2015-01-25 19:16:47',	'2015-01-25 17:15:35'),
(136,	124,	'eu dolor egestas rhoncus. Proin nisl sem, consequat nec, mollis vitae, posuere at, velit. Cras lorem lorem, luctus ut, pellentesque eget, dictum placerat, augue. Sed molestie. Sed id risus quis diam luctus lobortis. Class',	'Talent she for lively eat led sister.',	1,	'2015-01-25 19:16:47',	'2015-01-25 17:15:35'),
(137,	139,	'Cras sed leo. Cras vehicula aliquet libero. Integer in magna. Phasellus dolor elit, pellentesque a, facilisis non, bibendum sed, est. Nunc laoreet lectus quis massa. Mauris vestibulum, neque sed dictum eleifend, nunc risus varius orci, in consequat',	'Talent she for lively eat led sister.',	1,	'2015-01-25 19:16:47',	'2015-01-25 17:15:35'),
(138,	122,	'Nulla tincidunt, neque vitae semper egestas, urna justo faucibus lectus, a sollicitudin orci sem eget massa. Suspendisse eleifend. Cras sed leo. Cras vehicula aliquet libero. Integer in magna. Phasellus dolor elit, pellentesque a,',	'Talent she for lively eat led sister.',	2,	'2015-01-25 19:16:47',	'2015-01-25 17:15:35'),
(139,	184,	'amet nulla. Donec non justo. Proin non massa non ante bibendum ullamcorper. Duis cursus, diam at pretium aliquet, metus urna convallis erat, eget tincidunt dui augue eu tellus. Phasellus elit pede, malesuada vel, venenatis vel, faucibus id, libero.',	'Talent she for lively eat led sister.',	4,	'2015-01-25 19:16:47',	'2015-01-25 17:15:35'),
(140,	141,	'nec, imperdiet nec, leo. Morbi neque tellus, imperdiet non, vestibulum nec, euismod in, dolor. Fusce feugiat. Lorem ipsum dolor sit amet, consectetuer adipiscing elit. Aliquam auctor, velit eget laoreet posuere, enim nisl elementum purus, accumsan',	'Talent she for lively eat led sister.',	5,	'2015-01-25 19:16:47',	'2015-01-25 17:15:35'),
(141,	180,	'in faucibus orci luctus et ultrices posuere cubilia Curae; Donec tincidunt. Donec vitae erat vel pede blandit congue. In scelerisque scelerisque dui. Suspendisse ac metus vitae velit egestas lacinia. Sed congue, elit sed consequat auctor, nunc',	'Talent she for lively eat led sister.',	2,	'2015-01-25 19:16:47',	'2015-01-25 17:15:35'),
(142,	148,	'ligula. Nullam enim. Sed nulla ante, iaculis nec, eleifend non, dapibus rutrum, justo. Praesent luctus. Curabitur egestas nunc sed libero. Proin sed turpis nec mauris blandit mattis. Cras eget nisi dictum augue malesuada malesuada. Integer id magna et',	'Talent she for lively eat led sister.',	4,	'2015-01-25 19:16:47',	'2015-01-25 17:15:35'),
(143,	186,	'auctor ullamcorper, nisl arcu iaculis enim, sit amet ornare lectus justo eu arcu. Morbi sit amet massa. Quisque porttitor eros nec tellus. Nunc lectus pede, ultrices a, auctor non, feugiat nec, diam. Duis mi enim,',	'Talent she for lively eat led sister.',	4,	'2015-01-25 19:16:47',	'2015-01-25 17:15:35'),
(144,	151,	'tristique neque venenatis lacus. Etiam bibendum fermentum metus. Aenean sed pede nec ante blandit viverra. Donec tempus, lorem fringilla ornare placerat, orci lacus vestibulum lorem, sit amet ultricies sem magna nec quam.',	'Talent she for lively eat led sister.',	4,	'2015-01-25 19:16:47',	'2015-01-25 17:15:35'),
(145,	160,	'nunc nulla vulputate dui, nec tempus mauris erat eget ipsum. Suspendisse sagittis. Nullam vitae diam. Proin dolor. Nulla semper tellus id nunc interdum feugiat. Sed nec metus facilisis lorem tristique aliquet. Phasellus fermentum convallis ligula. Donec luctus aliquet',	'Talent she for lively eat led sister.',	2,	'2015-01-25 19:16:47',	'2015-01-25 17:15:35'),
(146,	129,	'vitae, erat. Vivamus nisi. Mauris nulla. Integer urna. Vivamus molestie dapibus ligula. Aliquam erat volutpat. Nulla dignissim. Maecenas ornare egestas ligula. Nullam feugiat placerat velit. Quisque varius. Nam porttitor scelerisque neque. Nullam',	'Talent she for lively eat led sister.',	3,	'2015-01-25 19:16:47',	'2015-01-25 17:15:35'),
(147,	160,	'mauris sit amet lorem semper auctor. Mauris vel turpis. Aliquam adipiscing lobortis risus. In mi pede, nonummy ut, molestie in, tempus eu, ligula. Aenean euismod mauris eu elit. Nulla facilisi. Sed neque. Sed eget lacus. Mauris non',	'Talent she for lively eat led sister.',	4,	'2015-01-25 19:16:47',	'2015-01-25 17:15:35'),
(148,	199,	'ligula consectetuer rhoncus. Nullam velit dui, semper et, lacinia vitae, sodales at, velit. Pellentesque ultricies dignissim lacus. Aliquam rutrum lorem ac risus. Morbi metus. Vivamus euismod urna. Nullam lobortis quam a felis ullamcorper viverra. Maecenas iaculis aliquet diam. Sed',	'Talent she for lively eat led sister.',	3,	'2015-01-25 19:16:47',	'2015-01-25 17:15:35'),
(149,	167,	'auctor, nunc nulla vulputate dui, nec tempus mauris erat eget ipsum. Suspendisse sagittis. Nullam vitae diam. Proin dolor. Nulla semper tellus id nunc interdum feugiat. Sed nec metus facilisis lorem',	'Talent she for lively eat led sister.',	3,	'2015-01-25 19:16:47',	'2015-01-25 17:15:35'),
(150,	138,	'pretium neque. Morbi quis urna. Nunc quis arcu vel quam dignissim pharetra. Nam ac nulla. In tincidunt congue turpis. In condimentum. Donec at arcu. Vestibulum ante ipsum primis in faucibus orci luctus et ultrices posuere cubilia',	'Talent she for lively eat led sister.',	4,	'2015-01-25 19:16:47',	'2015-01-25 17:15:35'),
(151,	105,	'non arcu. Vivamus sit amet risus. Donec egestas. Aliquam nec enim. Nunc ut erat. Sed nunc est, mollis non, cursus non, egestas a, dui. Cras pellentesque. Sed dictum. Proin eget odio. Aliquam vulputate ullamcorper magna. Sed eu eros. Nam',	'Talent she for lively eat led sister.',	5,	'2015-01-25 19:16:47',	'2015-01-25 17:15:35'),
(152,	180,	'dui. Cras pellentesque. Sed dictum. Proin eget odio. Aliquam vulputate ullamcorper magna. Sed eu eros. Nam consequat dolor vitae dolor. Donec fringilla. Donec feugiat metus sit amet ante. Vivamus non lorem vitae odio sagittis semper. Nam tempor',	'Talent she for lively eat led sister.',	4,	'2015-01-25 19:16:47',	'2015-01-25 17:15:35'),
(153,	174,	'mauris. Suspendisse aliquet molestie tellus. Aenean egestas hendrerit neque. In ornare sagittis felis. Donec tempor, est ac mattis semper, dui lectus rutrum urna, nec luctus felis purus ac tellus. Suspendisse sed dolor. Fusce',	'Talent she for lively eat led sister.',	4,	'2015-01-25 19:16:47',	'2015-01-25 17:15:35'),
(154,	113,	'lorem, eget mollis lectus pede et risus. Quisque libero lacus, varius et, euismod et, commodo at, libero. Morbi accumsan laoreet ipsum. Curabitur consequat, lectus sit amet luctus vulputate, nisi sem semper erat, in consectetuer ipsum nunc id enim. Curabitur',	'Talent she for lively eat led sister.',	5,	'2015-01-25 19:16:47',	'2015-01-25 17:15:35'),
(155,	199,	'Vivamus rhoncus. Donec est. Nunc ullamcorper, velit in aliquet lobortis, nisi nibh lacinia orci, consectetuer euismod est arcu ac orci. Ut semper pretium neque. Morbi quis urna. Nunc quis arcu vel quam dignissim pharetra. Nam ac nulla. In tincidunt congue',	'Talent she for lively eat led sister.',	1,	'2015-01-25 19:16:47',	'2015-01-25 17:15:35'),
(156,	124,	'est tempor bibendum. Donec felis orci, adipiscing non, luctus sit amet, faucibus ut, nulla. Cras eu tellus eu augue porttitor interdum. Sed auctor odio a purus. Duis elementum, dui quis accumsan convallis, ante lectus convallis est, vitae sodales nisi magna',	'Talent she for lively eat led sister.',	4,	'2015-01-25 19:16:47',	'2015-01-25 17:15:35'),
(157,	127,	'non dui nec urna suscipit nonummy. Fusce fermentum fermentum arcu. Vestibulum ante ipsum primis in faucibus orci luctus et ultrices posuere cubilia Curae; Phasellus ornare. Fusce mollis. Duis sit amet diam eu dolor egestas rhoncus. Proin nisl sem, consequat nec,',	'Talent she for lively eat led sister.',	5,	'2015-01-25 19:16:47',	'2015-01-25 17:15:35'),
(158,	131,	'felis ullamcorper viverra. Maecenas iaculis aliquet diam. Sed diam lorem, auctor quis, tristique ac, eleifend vitae, erat. Vivamus nisi. Mauris nulla. Integer urna. Vivamus molestie dapibus ligula. Aliquam erat volutpat. Nulla dignissim. Maecenas ornare egestas ligula. Nullam feugiat placerat velit.',	'Talent she for lively eat led sister.',	5,	'2015-01-25 19:16:47',	'2015-01-25 17:15:35'),
(159,	175,	'nonummy ut, molestie in, tempus eu, ligula. Aenean euismod mauris eu elit. Nulla facilisi. Sed neque. Sed eget lacus. Mauris non dui nec urna suscipit nonummy. Fusce fermentum fermentum arcu. Vestibulum ante ipsum primis in',	'Talent she for lively eat led sister.',	2,	'2015-01-25 19:16:47',	'2015-01-25 17:15:35'),
(160,	158,	'dictum. Phasellus in felis. Nulla tempor augue ac ipsum. Phasellus vitae mauris sit amet lorem semper auctor. Mauris vel turpis. Aliquam adipiscing lobortis risus. In mi pede, nonummy ut, molestie in, tempus eu, ligula. Aenean',	'Talent she for lively eat led sister.',	4,	'2015-01-25 19:16:47',	'2015-01-25 17:15:35'),
(161,	158,	'quam quis diam. Pellentesque habitant morbi tristique senectus et netus et malesuada fames ac turpis egestas. Fusce aliquet magna a neque. Nullam ut nisi a odio semper cursus. Integer mollis. Integer tincidunt aliquam arcu. Aliquam ultrices',	'Talent she for lively eat led sister.',	1,	'2015-01-25 19:16:47',	'2015-01-25 17:15:35'),
(162,	130,	'auctor non, feugiat nec, diam. Duis mi enim, condimentum eget, volutpat ornare, facilisis eget, ipsum. Donec sollicitudin adipiscing ligula. Aenean gravida nunc sed pede. Cum sociis natoque penatibus et magnis dis parturient montes, nascetur ridiculus mus. Proin',	'Talent she for lively eat led sister.',	1,	'2015-01-25 19:16:47',	'2015-01-25 17:15:35'),
(163,	145,	'odio. Etiam ligula tortor, dictum eu, placerat eget, venenatis a, magna. Lorem ipsum dolor sit amet, consectetuer adipiscing elit. Etiam laoreet, libero et tristique pellentesque, tellus sem mollis dui, in sodales elit erat vitae risus.',	'Talent she for lively eat led sister.',	1,	'2015-01-25 19:16:47',	'2015-01-25 17:15:35'),
(164,	175,	'ullamcorper. Duis at lacus. Quisque purus sapien, gravida non, sollicitudin a, malesuada id, erat. Etiam vestibulum massa rutrum magna. Cras convallis convallis dolor. Quisque tincidunt pede ac urna. Ut tincidunt',	'Talent she for lively eat led sister.',	4,	'2015-01-25 19:16:47',	'2015-01-25 17:15:35'),
(165,	132,	'Donec sollicitudin adipiscing ligula. Aenean gravida nunc sed pede. Cum sociis natoque penatibus et magnis dis parturient montes, nascetur ridiculus mus. Proin vel arcu eu odio tristique pharetra. Quisque ac libero nec ligula',	'Talent she for lively eat led sister.',	3,	'2015-01-25 19:16:47',	'2015-01-25 17:15:35'),
(166,	171,	'purus. Nullam scelerisque neque sed sem egestas blandit. Nam nulla magna, malesuada vel, convallis in, cursus et, eros. Proin ultrices. Duis volutpat nunc sit amet metus. Aliquam erat volutpat. Nulla facilisis. Suspendisse commodo tincidunt nibh. Phasellus nulla. Integer',	'Talent she for lively eat led sister.',	3,	'2015-01-25 19:16:47',	'2015-01-25 17:15:35'),
(167,	182,	'Nulla facilisi. Sed neque. Sed eget lacus. Mauris non dui nec urna suscipit nonummy. Fusce fermentum fermentum arcu. Vestibulum ante ipsum primis in faucibus orci luctus et ultrices posuere cubilia Curae; Phasellus',	'Talent she for lively eat led sister.',	1,	'2015-01-25 19:16:47',	'2015-01-25 17:15:35'),
(168,	120,	'sodales purus, in molestie tortor nibh sit amet orci. Ut sagittis lobortis mauris. Suspendisse aliquet molestie tellus. Aenean egestas hendrerit neque. In ornare sagittis felis. Donec tempor, est ac mattis semper, dui lectus',	'Talent she for lively eat led sister.',	1,	'2015-01-25 19:16:47',	'2015-01-25 17:15:35'),
(169,	155,	'mi pede, nonummy ut, molestie in, tempus eu, ligula. Aenean euismod mauris eu elit. Nulla facilisi. Sed neque. Sed eget lacus. Mauris non dui nec urna suscipit nonummy. Fusce fermentum fermentum arcu. Vestibulum ante ipsum primis in faucibus orci',	'Talent she for lively eat led sister.',	3,	'2015-01-25 19:16:47',	'2015-01-25 17:15:35'),
(170,	111,	'Nulla dignissim. Maecenas ornare egestas ligula. Nullam feugiat placerat velit. Quisque varius. Nam porttitor scelerisque neque. Nullam nisl. Maecenas malesuada fringilla est. Mauris eu turpis. Nulla aliquet. Proin velit. Sed malesuada augue ut',	'Talent she for lively eat led sister.',	3,	'2015-01-25 19:16:47',	'2015-01-25 17:15:35'),
(171,	167,	'hymenaeos. Mauris ut quam vel sapien imperdiet ornare. In faucibus. Morbi vehicula. Pellentesque tincidunt tempus risus. Donec egestas. Duis ac arcu. Nunc mauris. Morbi non sapien molestie orci tincidunt adipiscing. Mauris molestie pharetra',	'Talent she for lively eat led sister.',	2,	'2015-01-25 19:16:47',	'2015-01-25 17:15:35'),
(172,	140,	'a, facilisis non, bibendum sed, est. Nunc laoreet lectus quis massa. Mauris vestibulum, neque sed dictum eleifend, nunc risus varius orci, in consequat enim diam vel arcu. Curabitur ut odio vel est tempor bibendum. Donec',	'Talent she for lively eat led sister.',	2,	'2015-01-25 19:16:47',	'2015-01-25 17:15:35'),
(173,	166,	'risus. Morbi metus. Vivamus euismod urna. Nullam lobortis quam a felis ullamcorper viverra. Maecenas iaculis aliquet diam. Sed diam lorem, auctor quis, tristique ac, eleifend vitae, erat. Vivamus nisi. Mauris nulla. Integer urna. Vivamus molestie dapibus',	'Talent she for lively eat led sister.',	3,	'2015-01-25 19:16:47',	'2015-01-25 17:15:35'),
(174,	157,	'hendrerit. Donec porttitor tellus non magna. Nam ligula elit, pretium et, rutrum non, hendrerit id, ante. Nunc mauris sapien, cursus in, hendrerit consectetuer, cursus et, magna. Praesent interdum ligula eu enim. Etiam imperdiet',	'Talent she for lively eat led sister.',	2,	'2015-01-25 19:16:47',	'2015-01-25 17:15:35'),
(175,	157,	'natoque penatibus et magnis dis parturient montes, nascetur ridiculus mus. Proin vel nisl. Quisque fringilla euismod enim. Etiam gravida molestie arcu. Sed eu nibh vulputate mauris sagittis placerat. Cras dictum ultricies ligula. Nullam enim.',	'Talent she for lively eat led sister.',	1,	'2015-01-25 19:16:47',	'2015-01-25 17:15:35'),
(176,	139,	'nibh lacinia orci, consectetuer euismod est arcu ac orci. Ut semper pretium neque. Morbi quis urna. Nunc quis arcu vel quam dignissim pharetra. Nam ac nulla. In tincidunt congue turpis. In condimentum. Donec at',	'Talent she for lively eat led sister.',	2,	'2015-01-25 19:16:47',	'2015-01-25 17:15:35'),
(177,	106,	'ligula. Aenean gravida nunc sed pede. Cum sociis natoque penatibus et magnis dis parturient montes, nascetur ridiculus mus. Proin vel arcu eu odio tristique pharetra. Quisque ac libero nec ligula consectetuer rhoncus. Nullam velit dui, semper et,',	'Talent she for lively eat led sister.',	2,	'2015-01-25 19:16:47',	'2015-01-25 17:15:35'),
(180,	102,	'5',	'reviewasdfadsf',	5,	'2015-01-30 11:34:32',	'2015-01-30 11:34:32');

DELIMITER ;;

CREATE TRIGGER `booking_create` BEFORE INSERT ON `review` FOR EACH ROW
SET NEW.created_at = NOW(), NEW.updated_at = NOW();;

CREATE TRIGGER `booking_update` BEFORE UPDATE ON `review` FOR EACH ROW
SET NEW.updated_at = NOW(), NEW.created_at = OLD.created_at;;

DELIMITER ;

DROP TABLE IF EXISTS `service`;
CREATE TABLE `service` (
  `id` int(11) NOT NULL AUTO_INCREMENT,
  `name` varchar(200) COLLATE utf8_unicode_ci NOT NULL,
  `description` text COLLATE utf8_unicode_ci NOT NULL,
  `updated_at` timestamp NOT NULL DEFAULT CURRENT_TIMESTAMP ON UPDATE CURRENT_TIMESTAMP,
  `created_at` timestamp NOT NULL DEFAULT '0000-00-00 00:00:00',
  PRIMARY KEY (`id`)
) ENGINE=InnoDB DEFAULT CHARSET=utf8 COLLATE=utf8_unicode_ci;

INSERT INTO `service` (`id`, `name`, `description`, `updated_at`, `created_at`) VALUES
(1,	'Handy Homie',	'Handy Homie',	'2015-01-25 15:47:37',	'2015-01-25 15:47:37'),
(2,	'Gardening Homie',	'Gardening Homie',	'2015-01-25 15:48:21',	'2015-01-25 15:47:51'),
(3,	'Cleaning Homie',	'Cleaning Homie',	'2015-01-25 15:47:17',	'2015-01-25 15:47:17');

DELIMITER ;;

CREATE TRIGGER `task_category_create` BEFORE INSERT ON `service` FOR EACH ROW
SET NEW.created_at = NOW(), NEW.updated_at = NOW();;

CREATE TRIGGER `task_category_update` BEFORE UPDATE ON `service` FOR EACH ROW
SET NEW.updated_at = NOW(), NEW.created_at = OLD.created_at;;

DELIMITER ;

DROP TABLE IF EXISTS `supplier`;
CREATE TABLE `supplier` (
  `id` int(11) NOT NULL AUTO_INCREMENT,
  `user_id` int(11) NOT NULL,
  `supplier_feature` int(11) NOT NULL,
  `rate_per_hour` int(11) NOT NULL,
  `company_name` varchar(100) COLLATE utf8_unicode_ci NOT NULL,
  `office_address` varchar(255) COLLATE utf8_unicode_ci NOT NULL,
  `license_number` varchar(100) COLLATE utf8_unicode_ci NOT NULL,
  `star_rate` int(11) NOT NULL,
  `instance` int(11) NOT NULL DEFAULT '0' COMMENT '0: is not instance, 1: is instance',
  `updated_at` timestamp NOT NULL DEFAULT CURRENT_TIMESTAMP ON UPDATE CURRENT_TIMESTAMP,
  `created_at` timestamp NOT NULL DEFAULT '0000-00-00 00:00:00',
  PRIMARY KEY (`id`),
  KEY `user_id` (`user_id`),
  CONSTRAINT `supplier_ibfk_1` FOREIGN KEY (`user_id`) REFERENCES `users` (`id`)
) ENGINE=InnoDB DEFAULT CHARSET=utf8 COLLATE=utf8_unicode_ci;

INSERT INTO `supplier` (`id`, `user_id`, `supplier_feature`, `rate_per_hour`, `company_name`, `office_address`, `license_number`, `star_rate`, `instance`, `updated_at`, `created_at`) VALUES
(1,	46,	0,	3,	'Juliet Parsons',	'Venezuela',	'',	1,	0,	'2015-01-28 05:25:45',	'2015-01-25 16:35:53'),
(2,	64,	0,	4,	'Sharon Bonner',	'Åland Islands',	'',	2,	1,	'2015-01-27 18:20:35',	'2015-01-25 16:35:53'),
(3,	7,	0,	8,	'Delilah Stanley',	'Sri Lanka',	'',	1,	1,	'2015-01-28 05:25:45',	'2015-01-25 16:35:53'),
(4,	13,	0,	5,	'Brenna Johnston',	'Thailand',	'',	3,	1,	'2015-01-27 18:20:35',	'2015-01-25 16:35:53'),
(5,	52,	0,	2,	'Noel Lewis',	'Denmark',	'',	3,	1,	'2015-01-27 18:20:35',	'2015-01-25 16:35:53'),
(6,	17,	0,	1,	'Blythe Hobbs',	'Singapore',	'',	1,	0,	'2015-01-28 05:25:45',	'2015-01-25 16:35:53'),
(7,	60,	0,	10,	'Teagan Webb',	'Canada',	'',	4,	1,	'2015-01-27 18:20:35',	'2015-01-25 16:35:53'),
(8,	14,	0,	2,	'Rachel Shaw',	'Norway',	'',	3,	0,	'2015-01-27 18:20:35',	'2015-01-25 16:35:53'),
(9,	48,	0,	9,	'Caryn Jacobson',	'Switzerland',	'',	4,	0,	'2015-01-27 18:20:35',	'2015-01-25 16:35:53'),
(10,	32,	0,	2,	'Maggie Mccoy',	'Liberia',	'',	1,	0,	'2015-01-28 05:25:45',	'2015-01-25 16:35:53'),
(11,	63,	0,	3,	'Sharon Beasley',	'Liechtenstein',	'',	1,	1,	'2015-01-28 05:25:45',	'2015-01-25 16:35:53'),
(12,	19,	0,	8,	'Fiona Bates',	'Kyrgyzstan',	'',	1,	1,	'2015-01-28 05:25:45',	'2015-01-25 16:35:53'),
(13,	39,	0,	6,	'Sigourney Ellison',	'Chad',	'',	1,	1,	'2015-01-28 05:25:45',	'2015-01-25 16:35:53'),
(14,	28,	0,	6,	'Tara Kennedy',	'Angola',	'',	4,	0,	'2015-01-27 18:20:35',	'2015-01-25 16:35:53'),
(15,	53,	0,	1,	'Amanda Padilla',	'Cayman Islands',	'',	3,	1,	'2015-01-27 18:20:35',	'2015-01-25 16:35:53'),
(16,	16,	0,	9,	'Sigourney Lane',	'Saint Pierre and Miquelon',	'',	3,	0,	'2015-01-27 18:20:35',	'2015-01-25 16:35:53'),
(17,	54,	0,	10,	'Octavia Scott',	'United Kingdom (Great Britain)',	'',	4,	1,	'2015-01-27 18:20:35',	'2015-01-25 16:35:53'),
(18,	8,	0,	6,	'Jeanette Sampson',	'Cuba',	'',	2,	1,	'2015-01-27 18:20:35',	'2015-01-25 16:35:53'),
(19,	69,	0,	9,	'Melyssa Atkins',	'Nauru',	'',	1,	1,	'2015-01-28 05:25:45',	'2015-01-25 16:35:53'),
(20,	22,	0,	3,	'Ina Tillman',	'Austria',	'',	3,	1,	'2015-01-27 18:20:35',	'2015-01-25 16:35:53'),
(21,	6,	0,	4,	'Ella Cabrera',	'Pakistan',	'',	5,	0,	'2015-01-27 18:20:35',	'2015-01-25 16:35:53'),
(22,	36,	0,	6,	'Nevada Underwood',	'Macedonia',	'',	3,	1,	'2015-01-27 18:20:35',	'2015-01-25 16:35:53'),
(23,	43,	0,	6,	'Ramona Snyder',	'Cayman Islands',	'',	1,	1,	'2015-01-28 05:25:45',	'2015-01-25 16:35:53'),
(24,	70,	0,	6,	'Quyn Patton',	'Benin',	'',	3,	1,	'2015-01-27 18:20:35',	'2015-01-25 16:35:53'),
(25,	59,	0,	2,	'Alisa Diaz',	'Guernsey',	'',	3,	1,	'2015-01-27 18:20:35',	'2015-01-25 16:35:53'),
(26,	58,	0,	7,	'Teagan Becker',	'Andorra',	'',	3,	1,	'2015-01-27 18:20:35',	'2015-01-25 16:35:53'),
(27,	66,	0,	2,	'Whitney Pruitt',	'Dominican Republic',	'',	2,	0,	'2015-01-27 18:20:35',	'2015-01-25 16:35:53'),
(28,	3,	0,	6,	'Katelyn Romero',	'Côte D\'Ivoire (Ivory Coast)',	'',	3,	1,	'2015-01-27 18:20:35',	'2015-01-25 16:35:53'),
(29,	30,	0,	1,	'Keely Warren',	'Antarctica',	'',	4,	1,	'2015-01-27 18:20:35',	'2015-01-25 16:35:53'),
(30,	38,	0,	7,	'Jacqueline Hayden',	'China',	'',	1,	1,	'2015-01-28 05:25:45',	'2015-01-25 16:35:53'),
(31,	40,	0,	9,	'Sheila Salas',	'French Southern Territories',	'',	3,	1,	'2015-01-27 18:20:35',	'2015-01-25 16:35:53'),
(32,	49,	0,	3,	'Fleur Stevenson',	'Mayotte',	'',	2,	1,	'2015-01-27 18:20:35',	'2015-01-25 16:35:53'),
(33,	41,	0,	9,	'Natalie Howell',	'Estonia',	'',	3,	1,	'2015-01-27 18:20:35',	'2015-01-25 16:35:53'),
(34,	29,	0,	1,	'Ocean Mann',	'Kiribati',	'',	3,	0,	'2015-01-27 18:20:35',	'2015-01-25 16:35:53'),
(35,	43,	0,	4,	'Kaye Gates',	'Guinea',	'',	3,	1,	'2015-01-27 18:20:35',	'2015-01-25 16:35:53'),
(36,	12,	0,	1,	'Iliana Ochoa',	'French Guiana',	'',	5,	1,	'2015-01-27 18:20:35',	'2015-01-25 16:35:53');

DELIMITER ;;

CREATE TRIGGER `supplier_create` BEFORE INSERT ON `supplier` FOR EACH ROW
SET NEW.created_at = NOW(), NEW.updated_at = NOW();;

CREATE TRIGGER `supplier_update` BEFORE UPDATE ON `supplier` FOR EACH ROW
SET NEW.updated_at = NOW(), NEW.created_at = OLD.created_at;;

DELIMITER ;

DROP TABLE IF EXISTS `supplier_service`;
CREATE TABLE `supplier_service` (
  `id` int(11) NOT NULL AUTO_INCREMENT,
  `supplier_id` int(11) NOT NULL,
  `service_id` int(11) NOT NULL,
  `updated_at` timestamp NOT NULL DEFAULT CURRENT_TIMESTAMP ON UPDATE CURRENT_TIMESTAMP,
  `created_at` timestamp NOT NULL DEFAULT '0000-00-00 00:00:00',
  PRIMARY KEY (`id`),
  KEY `supplier_id` (`supplier_id`),
  KEY `service_id` (`service_id`),
  CONSTRAINT `supplier_service_ibfk_2` FOREIGN KEY (`supplier_id`) REFERENCES `supplier` (`id`),
  CONSTRAINT `supplier_service_ibfk_3` FOREIGN KEY (`service_id`) REFERENCES `service` (`id`)
) ENGINE=InnoDB DEFAULT CHARSET=utf8 COLLATE=utf8_unicode_ci;

INSERT INTO `supplier_service` (`id`, `supplier_id`, `service_id`, `updated_at`, `created_at`) VALUES
(295,	15,	2,	'2015-01-25 16:49:18',	'2015-01-25 16:49:18'),
(296,	30,	3,	'2015-01-25 16:49:18',	'2015-01-25 16:49:18'),
(297,	17,	3,	'2015-01-25 16:49:18',	'2015-01-25 16:49:18'),
(298,	20,	1,	'2015-01-25 16:49:18',	'2015-01-25 16:49:18'),
(299,	20,	3,	'2015-01-25 16:49:18',	'2015-01-25 16:49:18'),
(300,	20,	2,	'2015-01-25 16:49:18',	'2015-01-25 16:49:18'),
(301,	33,	3,	'2015-01-25 16:49:18',	'2015-01-25 16:49:18'),
(302,	27,	1,	'2015-01-25 16:49:18',	'2015-01-25 16:49:18'),
(303,	30,	3,	'2015-01-25 16:49:18',	'2015-01-25 16:49:18'),
(304,	5,	3,	'2015-01-25 16:49:18',	'2015-01-25 16:49:18'),
(305,	29,	1,	'2015-01-25 16:49:18',	'2015-01-25 16:49:18'),
(306,	2,	2,	'2015-01-25 16:49:18',	'2015-01-25 16:49:18'),
(307,	36,	3,	'2015-01-25 16:49:18',	'2015-01-25 16:49:18'),
(308,	21,	1,	'2015-01-25 16:49:18',	'2015-01-25 16:49:18'),
(309,	24,	3,	'2015-01-25 16:49:18',	'2015-01-25 16:49:18'),
(310,	3,	1,	'2015-01-25 16:49:18',	'2015-01-25 16:49:18'),
(311,	29,	3,	'2015-01-25 16:49:18',	'2015-01-25 16:49:18'),
(312,	22,	3,	'2015-01-25 16:49:18',	'2015-01-25 16:49:18'),
(313,	32,	2,	'2015-01-25 16:49:18',	'2015-01-25 16:49:18'),
(314,	12,	2,	'2015-01-25 16:49:18',	'2015-01-25 16:49:18'),
(315,	28,	1,	'2015-01-25 16:49:18',	'2015-01-25 16:49:18'),
(316,	28,	2,	'2015-01-25 16:49:18',	'2015-01-25 16:49:18'),
(317,	29,	3,	'2015-01-25 16:49:18',	'2015-01-25 16:49:18'),
(318,	4,	1,	'2015-01-25 16:49:18',	'2015-01-25 16:49:18'),
(319,	27,	1,	'2015-01-25 16:49:18',	'2015-01-25 16:49:18'),
(320,	15,	2,	'2015-01-25 16:49:18',	'2015-01-25 16:49:18'),
(321,	20,	1,	'2015-01-25 16:49:18',	'2015-01-25 16:49:18'),
(322,	1,	2,	'2015-01-25 16:49:18',	'2015-01-25 16:49:18'),
(323,	5,	2,	'2015-01-25 16:49:18',	'2015-01-25 16:49:18'),
(324,	25,	1,	'2015-01-25 16:49:18',	'2015-01-25 16:49:18'),
(325,	29,	1,	'2015-01-25 16:49:18',	'2015-01-25 16:49:18'),
(326,	24,	3,	'2015-01-25 16:49:18',	'2015-01-25 16:49:18'),
(327,	11,	3,	'2015-01-25 16:49:18',	'2015-01-25 16:49:18'),
(328,	19,	3,	'2015-01-25 16:49:18',	'2015-01-25 16:49:18'),
(329,	26,	1,	'2015-01-25 16:49:18',	'2015-01-25 16:49:18'),
(330,	7,	1,	'2015-01-25 16:49:18',	'2015-01-25 16:49:18'),
(331,	27,	3,	'2015-01-25 16:49:18',	'2015-01-25 16:49:18'),
(332,	14,	3,	'2015-01-25 16:49:18',	'2015-01-25 16:49:18'),
(333,	18,	1,	'2015-01-25 16:49:18',	'2015-01-25 16:49:18'),
(334,	9,	2,	'2015-01-25 16:49:18',	'2015-01-25 16:49:18'),
(335,	23,	1,	'2015-01-25 16:49:18',	'2015-01-25 16:49:18'),
(336,	22,	2,	'2015-01-25 16:49:18',	'2015-01-25 16:49:18'),
(337,	28,	3,	'2015-01-25 16:49:18',	'2015-01-25 16:49:18'),
(338,	31,	2,	'2015-01-25 16:49:18',	'2015-01-25 16:49:18'),
(339,	20,	1,	'2015-01-25 16:49:18',	'2015-01-25 16:49:18'),
(340,	14,	2,	'2015-01-25 16:49:18',	'2015-01-25 16:49:18'),
(341,	20,	1,	'2015-01-25 16:49:18',	'2015-01-25 16:49:18'),
(342,	26,	1,	'2015-01-25 16:49:18',	'2015-01-25 16:49:18'),
(343,	1,	1,	'2015-01-25 16:49:18',	'2015-01-25 16:49:18'),
(344,	33,	1,	'2015-01-25 16:49:18',	'2015-01-25 16:49:18'),
(345,	17,	1,	'2015-01-25 16:49:18',	'2015-01-25 16:49:18'),
(346,	2,	2,	'2015-01-25 16:49:18',	'2015-01-25 16:49:18'),
(347,	23,	1,	'2015-01-25 16:49:18',	'2015-01-25 16:49:18'),
(348,	18,	1,	'2015-01-25 16:49:18',	'2015-01-25 16:49:18'),
(349,	28,	3,	'2015-01-25 16:49:18',	'2015-01-25 16:49:18'),
(350,	28,	1,	'2015-01-25 16:49:18',	'2015-01-25 16:49:18'),
(351,	4,	3,	'2015-01-25 16:49:18',	'2015-01-25 16:49:18'),
(352,	14,	3,	'2015-01-25 16:49:18',	'2015-01-25 16:49:18'),
(353,	23,	2,	'2015-01-25 16:49:18',	'2015-01-25 16:49:18');

DELIMITER ;;

CREATE TRIGGER `supplier_service_create` BEFORE INSERT ON `supplier_service` FOR EACH ROW
SET NEW.created_at = NOW(), NEW.updated_at = NOW();;

CREATE TRIGGER `supplier_service_update` BEFORE UPDATE ON `supplier_service` FOR EACH ROW
SET NEW.updated_at = NOW(), NEW.created_at = OLD.created_at;;

DELIMITER ;

DROP TABLE IF EXISTS `task`;
CREATE TABLE `task` (
  `id` int(11) NOT NULL AUTO_INCREMENT,
  `user_id` int(11) NOT NULL,
  `service_id` int(11) NOT NULL,
  `supplier_id` int(11) NOT NULL,
  `date` timestamp NOT NULL DEFAULT CURRENT_TIMESTAMP ON UPDATE CURRENT_TIMESTAMP,
  `duration` int(11) NOT NULL,
  `starting_time` int(11) NOT NULL DEFAULT '0',
  `payment_type` int(11) NOT NULL COMMENT '0: cash, 1: credit card',
  `note` text COLLATE utf8_unicode_ci NOT NULL,
  `status` int(2) NOT NULL COMMENT '	0: not set, 1: Confirm, 2: Decline, 3:Propose new time/date',
  `promotion_code` text COLLATE utf8_unicode_ci NOT NULL,
  `cost` int(11) NOT NULL,
  `updated_at` timestamp NOT NULL DEFAULT '0000-00-00 00:00:00',
  `created_at` timestamp NOT NULL DEFAULT '0000-00-00 00:00:00',
  PRIMARY KEY (`id`),
  KEY `service_id` (`service_id`),
  KEY `supplier_id` (`supplier_id`),
  KEY `user_id` (`user_id`),
  CONSTRAINT `task_ibfk_1` FOREIGN KEY (`service_id`) REFERENCES `service` (`id`),
  CONSTRAINT `task_ibfk_2` FOREIGN KEY (`supplier_id`) REFERENCES `supplier` (`id`),
  CONSTRAINT `task_ibfk_3` FOREIGN KEY (`user_id`) REFERENCES `users` (`id`)
) ENGINE=InnoDB DEFAULT CHARSET=utf8 COLLATE=utf8_unicode_ci;

INSERT INTO `task` (`id`, `user_id`, `service_id`, `supplier_id`, `date`, `duration`, `starting_time`, `payment_type`, `note`, `status`, `promotion_code`, `cost`, `updated_at`, `created_at`) VALUES
(101,	52,	2,	29,	'2014-08-06 01:08:18',	0,	2015,	0,	'Lorem ipsum dolor sit amet, consectetuer adipiscing elit. Curabitur sed tortor. Integer aliquam adipiscing lacus. Ut nec urna et arcu imperdiet ullamcorper. Duis at lacus. Quisque purus sapien, gravida non,',	1,	'',	0,	'2015-01-25 17:09:33',	'2015-01-25 17:09:33'),
(102,	52,	1,	21,	'2014-04-06 03:04:17',	0,	2014,	1,	'Lorem ipsum dolor sit amet, consectetuer adipiscing elit. Curabitur sed tortor. Integer aliquam adipiscing lacus. Ut nec urna et arcu imperdiet ullamcorper. Duis at lacus. Quisque purus sapien, gravida non, sollicitudin a, malesuada id, erat. Etiam vestibulum massa',	1,	'',	0,	'2015-01-25 17:09:33',	'2015-01-25 17:09:33'),
(103,	1,	2,	34,	'2014-10-02 06:10:14',	0,	2014,	0,	'Lorem ipsum dolor sit amet, consectetuer adipiscing elit. Curabitur sed tortor. Integer aliquam adipiscing lacus. Ut nec urna et arcu imperdiet ullamcorper. Duis at lacus. Quisque purus sapien, gravida non, sollicitudin a, malesuada id, erat. Etiam',	1,	'',	0,	'2015-01-25 17:09:33',	'2015-01-25 17:09:33'),
(104,	47,	1,	22,	'2014-09-17 04:09:35',	0,	2015,	0,	'Lorem ipsum dolor sit amet, consectetuer adipiscing elit. Curabitur sed tortor. Integer aliquam adipiscing lacus. Ut nec urna et arcu imperdiet ullamcorper. Duis at lacus. Quisque purus sapien, gravida non, sollicitudin a,',	1,	'',	0,	'2015-01-25 17:09:33',	'2015-01-25 17:09:33'),
(105,	64,	3,	35,	'2014-05-04 02:05:42',	0,	2015,	1,	'Lorem ipsum dolor sit amet, consectetuer adipiscing elit. Curabitur sed tortor. Integer aliquam adipiscing lacus. Ut nec urna et arcu imperdiet ullamcorper. Duis at lacus. Quisque purus sapien, gravida non, sollicitudin a, malesuada',	1,	'',	0,	'2015-01-25 17:09:33',	'2015-01-25 17:09:33'),
(106,	49,	3,	22,	'2015-04-20 05:04:18',	0,	2015,	1,	'Lorem ipsum dolor sit amet, consectetuer adipiscing elit. Curabitur sed tortor. Integer aliquam adipiscing lacus. Ut nec urna et arcu imperdiet ullamcorper. Duis at lacus. Quisque purus sapien, gravida non, sollicitudin',	1,	'',	0,	'2015-01-25 17:09:33',	'2015-01-25 17:09:33'),
(107,	56,	2,	1,	'2014-07-27 09:07:42',	0,	2015,	1,	'Lorem ipsum dolor sit amet, consectetuer adipiscing elit. Curabitur sed tortor. Integer aliquam adipiscing lacus. Ut nec urna et arcu imperdiet ullamcorper. Duis at lacus. Quisque purus sapien, gravida non, sollicitudin a, malesuada',	1,	'',	0,	'2015-01-25 17:09:33',	'2015-01-25 17:09:33'),
(108,	66,	3,	28,	'2015-01-06 01:01:24',	0,	2015,	0,	'Lorem ipsum dolor sit amet, consectetuer adipiscing elit. Curabitur sed tortor. Integer aliquam adipiscing lacus. Ut nec urna et arcu imperdiet ullamcorper. Duis at lacus. Quisque purus sapien, gravida non,',	1,	'',	0,	'2015-01-25 17:09:33',	'2015-01-25 17:09:33'),
(109,	70,	1,	7,	'2014-05-29 08:05:42',	0,	2015,	0,	'Lorem ipsum dolor sit amet, consectetuer adipiscing elit. Curabitur sed tortor. Integer aliquam adipiscing lacus. Ut nec urna et arcu imperdiet ullamcorper. Duis at lacus. Quisque purus sapien, gravida non,',	1,	'',	0,	'2015-01-25 17:09:33',	'2015-01-25 17:09:33'),
(110,	22,	2,	18,	'2014-04-05 01:04:49',	0,	2015,	1,	'Lorem ipsum dolor sit amet, consectetuer adipiscing elit. Curabitur sed tortor. Integer aliquam adipiscing lacus. Ut nec urna et arcu imperdiet ullamcorper. Duis at lacus. Quisque purus sapien, gravida non, sollicitudin a, malesuada id, erat. Etiam vestibulum massa rutrum magna.',	1,	'',	0,	'2015-01-25 17:09:33',	'2015-01-25 17:09:33'),
(111,	3,	2,	34,	'2014-06-08 08:06:23',	0,	2015,	0,	'Lorem ipsum dolor sit amet, consectetuer adipiscing elit. Curabitur sed tortor. Integer aliquam adipiscing lacus. Ut nec urna et arcu imperdiet ullamcorper. Duis at lacus. Quisque purus sapien, gravida non, sollicitudin a, malesuada id, erat. Etiam',	1,	'',	0,	'2015-01-25 17:09:33',	'2015-01-25 17:09:33'),
(112,	61,	1,	22,	'2014-05-27 12:05:04',	0,	2014,	0,	'Lorem ipsum dolor sit amet, consectetuer adipiscing elit. Curabitur sed tortor. Integer aliquam adipiscing lacus. Ut nec urna et arcu imperdiet ullamcorper. Duis at lacus. Quisque purus sapien, gravida non, sollicitudin a, malesuada id,',	1,	'',	0,	'2015-01-25 17:09:33',	'2015-01-25 17:09:33'),
(113,	26,	1,	26,	'2014-03-21 04:03:41',	0,	2015,	1,	'Lorem ipsum dolor sit amet, consectetuer adipiscing elit. Curabitur sed tortor. Integer aliquam adipiscing lacus. Ut nec urna et arcu imperdiet ullamcorper. Duis at lacus. Quisque purus sapien, gravida non, sollicitudin a, malesuada id, erat. Etiam vestibulum massa',	1,	'',	0,	'2015-01-25 17:09:33',	'2015-01-25 17:09:33'),
(114,	60,	1,	17,	'2015-02-22 05:02:53',	0,	2015,	0,	'Lorem ipsum dolor sit amet, consectetuer adipiscing elit. Curabitur sed tortor. Integer aliquam adipiscing lacus. Ut nec urna et arcu imperdiet ullamcorper. Duis at lacus. Quisque purus sapien, gravida non, sollicitudin a, malesuada id,',	1,	'',	0,	'2015-01-25 17:09:33',	'2015-01-25 17:09:33'),
(115,	19,	3,	4,	'2016-01-04 01:01:10',	0,	2014,	1,	'Lorem ipsum dolor sit amet, consectetuer adipiscing elit. Curabitur sed tortor. Integer aliquam adipiscing lacus. Ut nec urna et arcu imperdiet ullamcorper. Duis at lacus. Quisque purus sapien, gravida non, sollicitudin a,',	1,	'',	0,	'2015-01-25 17:09:33',	'2015-01-25 17:09:33'),
(116,	56,	2,	18,	'2014-05-06 05:05:24',	0,	2014,	0,	'Lorem ipsum dolor sit amet, consectetuer adipiscing elit. Curabitur sed tortor. Integer aliquam adipiscing lacus. Ut nec urna et arcu imperdiet ullamcorper. Duis at lacus. Quisque purus sapien, gravida non, sollicitudin a, malesuada id,',	1,	'',	0,	'2015-01-25 17:09:33',	'2015-01-25 17:09:33'),
(117,	49,	3,	1,	'2014-03-17 12:03:43',	0,	2014,	1,	'Lorem ipsum dolor sit amet, consectetuer adipiscing elit. Curabitur sed tortor. Integer aliquam adipiscing lacus. Ut nec urna et arcu imperdiet ullamcorper. Duis at lacus. Quisque purus sapien, gravida non, sollicitudin a, malesuada id, erat. Etiam vestibulum',	1,	'',	0,	'2015-01-25 17:09:33',	'2015-01-25 17:09:33'),
(118,	70,	2,	17,	'2014-09-22 12:09:29',	0,	2015,	1,	'Lorem ipsum dolor sit amet, consectetuer adipiscing elit. Curabitur sed tortor. Integer aliquam adipiscing lacus. Ut nec urna et arcu imperdiet ullamcorper. Duis at lacus. Quisque purus sapien, gravida non, sollicitudin a, malesuada id, erat. Etiam',	1,	'',	0,	'2015-01-25 17:09:33',	'2015-01-25 17:09:33'),
(119,	29,	3,	8,	'2014-10-22 10:10:29',	0,	2015,	1,	'Lorem ipsum dolor sit amet, consectetuer adipiscing elit. Curabitur sed tortor. Integer aliquam adipiscing lacus. Ut nec urna et arcu imperdiet ullamcorper. Duis at lacus. Quisque purus sapien, gravida non, sollicitudin a, malesuada id,',	1,	'',	0,	'2015-01-25 17:09:33',	'2015-01-25 17:09:33'),
(120,	54,	1,	14,	'2014-02-12 11:02:26',	0,	2014,	0,	'Lorem ipsum dolor sit amet, consectetuer adipiscing elit. Curabitur sed tortor. Integer aliquam adipiscing lacus. Ut nec urna et arcu imperdiet ullamcorper. Duis at lacus. Quisque purus sapien, gravida non, sollicitudin a, malesuada id, erat. Etiam vestibulum',	1,	'',	0,	'2015-01-25 17:09:33',	'2015-01-25 17:09:33'),
(121,	7,	1,	4,	'2014-04-02 02:04:02',	0,	2014,	0,	'Lorem ipsum dolor sit amet, consectetuer adipiscing elit. Curabitur sed tortor. Integer aliquam adipiscing lacus. Ut nec urna et arcu imperdiet ullamcorper. Duis at lacus. Quisque purus sapien, gravida non, sollicitudin a, malesuada id, erat. Etiam',	1,	'',	0,	'2015-01-25 17:09:33',	'2015-01-25 17:09:33'),
(122,	16,	3,	9,	'2014-09-15 03:09:46',	0,	2015,	0,	'Lorem ipsum dolor sit amet, consectetuer adipiscing elit. Curabitur sed tortor. Integer aliquam adipiscing lacus. Ut nec urna et arcu imperdiet ullamcorper. Duis at lacus. Quisque purus sapien, gravida non, sollicitudin a, malesuada',	1,	'',	0,	'2015-01-25 17:09:33',	'2015-01-25 17:09:33'),
(123,	49,	3,	29,	'2014-04-24 12:04:22',	0,	2014,	1,	'Lorem ipsum dolor sit amet, consectetuer adipiscing elit. Curabitur sed tortor. Integer aliquam adipiscing lacus. Ut nec urna et arcu imperdiet ullamcorper. Duis at lacus. Quisque purus sapien, gravida non, sollicitudin a,',	1,	'',	0,	'2015-01-25 17:09:33',	'2015-01-25 17:09:33'),
(124,	20,	3,	25,	'2014-05-15 11:05:53',	0,	2014,	1,	'Lorem ipsum dolor sit amet, consectetuer adipiscing elit. Curabitur sed tortor. Integer aliquam adipiscing lacus. Ut nec urna et arcu imperdiet ullamcorper. Duis at lacus. Quisque purus sapien, gravida non, sollicitudin a, malesuada id, erat. Etiam vestibulum massa rutrum',	1,	'',	0,	'2015-01-25 17:09:33',	'2015-01-25 17:09:33'),
(125,	4,	3,	18,	'2014-02-26 03:02:04',	0,	2014,	0,	'Lorem ipsum dolor sit amet, consectetuer adipiscing elit. Curabitur sed tortor. Integer aliquam adipiscing lacus. Ut nec urna et arcu imperdiet ullamcorper. Duis at lacus. Quisque purus sapien, gravida non, sollicitudin a, malesuada id, erat. Etiam vestibulum',	1,	'',	0,	'2015-01-25 17:09:33',	'2015-01-25 17:09:33'),
(126,	31,	2,	18,	'2014-03-19 05:03:38',	0,	2014,	1,	'Lorem ipsum dolor sit amet, consectetuer adipiscing elit. Curabitur sed tortor. Integer aliquam adipiscing lacus. Ut nec urna et arcu imperdiet ullamcorper. Duis at lacus. Quisque purus sapien, gravida non, sollicitudin a, malesuada id, erat. Etiam vestibulum massa rutrum',	1,	'',	0,	'2015-01-25 17:09:33',	'2015-01-25 17:09:33'),
(127,	55,	1,	21,	'2014-04-15 02:04:15',	0,	2016,	1,	'Lorem ipsum dolor sit amet, consectetuer adipiscing elit. Curabitur sed tortor. Integer aliquam adipiscing lacus. Ut nec urna et arcu imperdiet ullamcorper. Duis at lacus. Quisque purus sapien, gravida non, sollicitudin a, malesuada',	1,	'',	0,	'2015-01-25 17:09:33',	'2015-01-25 17:09:33'),
(128,	36,	1,	18,	'2014-06-14 04:06:24',	0,	2015,	1,	'Lorem ipsum dolor sit amet, consectetuer adipiscing elit. Curabitur sed tortor. Integer aliquam adipiscing lacus. Ut nec urna et arcu imperdiet ullamcorper. Duis at lacus. Quisque purus sapien, gravida non, sollicitudin a, malesuada',	1,	'',	0,	'2015-01-25 17:09:33',	'2015-01-25 17:09:33'),
(129,	29,	1,	29,	'2014-08-21 07:08:52',	0,	2014,	1,	'Lorem ipsum dolor sit amet, consectetuer adipiscing elit. Curabitur sed tortor. Integer aliquam adipiscing lacus. Ut nec urna et arcu imperdiet ullamcorper. Duis at lacus. Quisque purus sapien, gravida non, sollicitudin a, malesuada id, erat. Etiam vestibulum massa',	1,	'',	0,	'2015-01-25 17:09:33',	'2015-01-25 17:09:33'),
(130,	50,	3,	24,	'2014-07-18 09:07:01',	0,	2015,	1,	'Lorem ipsum dolor sit amet, consectetuer adipiscing elit. Curabitur sed tortor. Integer aliquam adipiscing lacus. Ut nec urna et arcu imperdiet ullamcorper. Duis at lacus. Quisque purus sapien, gravida non, sollicitudin',	1,	'',	0,	'2015-01-25 17:09:33',	'2015-01-25 17:09:33'),
(131,	22,	3,	21,	'2014-11-28 06:11:06',	0,	2014,	0,	'Lorem ipsum dolor sit amet, consectetuer adipiscing elit. Curabitur sed tortor. Integer aliquam adipiscing lacus. Ut nec urna et arcu imperdiet ullamcorper. Duis at lacus. Quisque purus sapien, gravida non, sollicitudin a, malesuada id, erat. Etiam',	1,	'',	0,	'2015-01-25 17:09:33',	'2015-01-25 17:09:33'),
(132,	68,	3,	24,	'2014-08-23 04:08:31',	0,	2015,	0,	'Lorem ipsum dolor sit amet, consectetuer adipiscing elit. Curabitur sed tortor. Integer aliquam adipiscing lacus. Ut nec urna et arcu imperdiet ullamcorper. Duis at lacus. Quisque purus sapien, gravida non,',	1,	'',	0,	'2015-01-25 17:09:33',	'2015-01-25 17:09:33'),
(133,	35,	2,	25,	'2015-03-23 04:03:06',	0,	2015,	1,	'Lorem ipsum dolor sit amet, consectetuer adipiscing elit. Curabitur sed tortor. Integer aliquam adipiscing lacus. Ut nec urna et arcu imperdiet ullamcorper. Duis at lacus. Quisque purus sapien, gravida non, sollicitudin a, malesuada id, erat. Etiam',	1,	'',	0,	'2015-01-25 17:09:33',	'2015-01-25 17:09:33'),
(134,	39,	2,	14,	'2014-10-16 06:10:59',	0,	2014,	0,	'Lorem ipsum dolor sit amet, consectetuer adipiscing elit. Curabitur sed tortor. Integer aliquam adipiscing lacus. Ut nec urna et arcu imperdiet ullamcorper. Duis at lacus. Quisque purus sapien, gravida non, sollicitudin a, malesuada id, erat. Etiam',	1,	'',	0,	'2015-01-25 17:09:33',	'2015-01-25 17:09:33'),
(135,	52,	1,	12,	'2015-05-12 02:05:58',	0,	2015,	1,	'Lorem ipsum dolor sit amet, consectetuer adipiscing elit. Curabitur sed tortor. Integer aliquam adipiscing lacus. Ut nec urna et arcu imperdiet ullamcorper. Duis at lacus. Quisque purus sapien, gravida non, sollicitudin a, malesuada id, erat. Etiam vestibulum massa rutrum magna.',	1,	'',	0,	'2015-01-25 17:09:33',	'2015-01-25 17:09:33'),
(136,	14,	3,	31,	'2015-05-28 01:05:27',	0,	2015,	0,	'Lorem ipsum dolor sit amet, consectetuer adipiscing elit. Curabitur sed tortor. Integer aliquam adipiscing lacus. Ut nec urna et arcu imperdiet ullamcorper. Duis at lacus. Quisque purus sapien, gravida non, sollicitudin a, malesuada id, erat. Etiam vestibulum',	1,	'',	0,	'2015-01-25 17:09:33',	'2015-01-25 17:09:33'),
(137,	41,	1,	34,	'2014-08-19 10:08:20',	0,	2015,	1,	'Lorem ipsum dolor sit amet, consectetuer adipiscing elit. Curabitur sed tortor. Integer aliquam adipiscing lacus. Ut nec urna et arcu imperdiet ullamcorper. Duis at lacus. Quisque purus sapien, gravida non, sollicitudin a, malesuada id, erat. Etiam vestibulum massa',	1,	'',	0,	'2015-01-25 17:09:33',	'2015-01-25 17:09:33'),
(138,	2,	2,	9,	'2014-04-27 09:04:31',	0,	2014,	1,	'Lorem ipsum dolor sit amet, consectetuer adipiscing elit. Curabitur sed tortor. Integer aliquam adipiscing lacus. Ut nec urna et arcu imperdiet ullamcorper. Duis at lacus. Quisque purus sapien, gravida non, sollicitudin a, malesuada id, erat. Etiam',	1,	'',	0,	'2015-01-25 17:09:33',	'2015-01-25 17:09:33'),
(139,	38,	1,	2,	'2015-02-12 07:02:44',	0,	2014,	0,	'Lorem ipsum dolor sit amet, consectetuer adipiscing elit. Curabitur sed tortor. Integer aliquam adipiscing lacus. Ut nec urna et arcu imperdiet ullamcorper. Duis at lacus. Quisque purus sapien, gravida non, sollicitudin a, malesuada id, erat.',	1,	'',	0,	'2015-01-25 17:09:33',	'2015-01-25 17:09:33'),
(140,	47,	1,	32,	'2014-02-14 04:02:10',	0,	2015,	0,	'Lorem ipsum dolor sit amet, consectetuer adipiscing elit. Curabitur sed tortor. Integer aliquam adipiscing lacus. Ut nec urna et arcu imperdiet ullamcorper. Duis at lacus. Quisque purus sapien, gravida non, sollicitudin a, malesuada id, erat. Etiam vestibulum massa',	1,	'',	0,	'2015-01-25 17:09:33',	'2015-01-25 17:09:33'),
(141,	69,	1,	14,	'2014-02-20 02:02:17',	0,	2015,	1,	'Lorem ipsum dolor sit amet, consectetuer adipiscing elit. Curabitur sed tortor. Integer aliquam adipiscing lacus. Ut nec urna et arcu imperdiet ullamcorper. Duis at lacus. Quisque purus sapien, gravida non, sollicitudin a, malesuada id, erat. Etiam vestibulum massa rutrum magna.',	1,	'',	0,	'2015-01-25 17:09:33',	'2015-01-25 17:09:33'),
(142,	21,	2,	26,	'2015-05-07 12:05:51',	0,	2014,	0,	'Lorem ipsum dolor sit amet, consectetuer adipiscing elit. Curabitur sed tortor. Integer aliquam adipiscing lacus. Ut nec urna et arcu imperdiet ullamcorper. Duis at lacus. Quisque purus sapien, gravida non,',	1,	'',	0,	'2015-01-25 17:09:33',	'2015-01-25 17:09:33'),
(143,	23,	3,	31,	'2014-12-05 09:12:19',	0,	2015,	1,	'Lorem ipsum dolor sit amet, consectetuer adipiscing elit. Curabitur sed tortor. Integer aliquam adipiscing lacus. Ut nec urna et arcu imperdiet ullamcorper. Duis at lacus. Quisque purus sapien, gravida non, sollicitudin a, malesuada',	1,	'',	0,	'2015-01-25 17:09:33',	'2015-01-25 17:09:33'),
(144,	41,	2,	20,	'2014-12-29 03:12:14',	0,	2015,	1,	'Lorem ipsum dolor sit amet, consectetuer adipiscing elit. Curabitur sed tortor. Integer aliquam adipiscing lacus. Ut nec urna et arcu imperdiet ullamcorper. Duis at lacus. Quisque purus sapien, gravida non, sollicitudin a,',	1,	'',	0,	'2015-01-25 17:09:33',	'2015-01-25 17:09:33'),
(145,	34,	1,	35,	'2014-07-02 09:07:32',	0,	2015,	1,	'Lorem ipsum dolor sit amet, consectetuer adipiscing elit. Curabitur sed tortor. Integer aliquam adipiscing lacus. Ut nec urna et arcu imperdiet ullamcorper. Duis at lacus. Quisque purus sapien, gravida non, sollicitudin a, malesuada id, erat. Etiam vestibulum massa rutrum',	1,	'',	0,	'2015-01-25 17:09:33',	'2015-01-25 17:09:33'),
(146,	20,	1,	10,	'2014-05-04 12:05:38',	0,	2015,	0,	'Lorem ipsum dolor sit amet, consectetuer adipiscing elit. Curabitur sed tortor. Integer aliquam adipiscing lacus. Ut nec urna et arcu imperdiet ullamcorper. Duis at lacus. Quisque purus sapien, gravida non, sollicitudin a, malesuada id, erat.',	1,	'',	0,	'2015-01-25 17:09:33',	'2015-01-25 17:09:33'),
(147,	51,	2,	15,	'2015-12-13 09:12:43',	0,	2014,	1,	'Lorem ipsum dolor sit amet, consectetuer adipiscing elit. Curabitur sed tortor. Integer aliquam adipiscing lacus. Ut nec urna et arcu imperdiet ullamcorper. Duis at lacus. Quisque purus sapien, gravida non, sollicitudin a, malesuada id,',	1,	'',	0,	'2015-01-25 17:09:33',	'2015-01-25 17:09:33'),
(148,	36,	1,	25,	'2015-08-08 02:08:11',	0,	2014,	1,	'Lorem ipsum dolor sit amet, consectetuer adipiscing elit. Curabitur sed tortor. Integer aliquam adipiscing lacus. Ut nec urna et arcu imperdiet ullamcorper. Duis at lacus. Quisque purus sapien, gravida non, sollicitudin a, malesuada id, erat.',	1,	'',	0,	'2015-01-25 17:09:33',	'2015-01-25 17:09:33'),
(149,	28,	2,	14,	'2015-05-14 02:05:18',	0,	2014,	1,	'Lorem ipsum dolor sit amet, consectetuer adipiscing elit. Curabitur sed tortor. Integer aliquam adipiscing lacus. Ut nec urna et arcu imperdiet ullamcorper. Duis at lacus. Quisque purus sapien, gravida non, sollicitudin a, malesuada id, erat. Etiam vestibulum massa',	1,	'',	0,	'2015-01-25 17:09:33',	'2015-01-25 17:09:33'),
(150,	62,	1,	33,	'2015-12-04 06:12:39',	0,	2016,	0,	'Lorem ipsum dolor sit amet, consectetuer adipiscing elit. Curabitur sed tortor. Integer aliquam adipiscing lacus. Ut nec urna et arcu imperdiet ullamcorper. Duis at lacus. Quisque purus sapien, gravida non, sollicitudin a, malesuada id, erat. Etiam',	1,	'',	0,	'2015-01-25 17:09:33',	'2015-01-25 17:09:33'),
(151,	20,	2,	7,	'2014-10-31 04:10:23',	0,	2015,	1,	'Lorem ipsum dolor sit amet, consectetuer adipiscing elit. Curabitur sed tortor. Integer aliquam adipiscing lacus. Ut nec urna et arcu imperdiet ullamcorper. Duis at lacus. Quisque purus sapien, gravida non, sollicitudin a, malesuada',	1,	'',	0,	'2015-01-25 17:09:33',	'2015-01-25 17:09:33'),
(152,	48,	3,	33,	'2015-03-08 06:03:12',	0,	2015,	0,	'Lorem ipsum dolor sit amet, consectetuer adipiscing elit. Curabitur sed tortor. Integer aliquam adipiscing lacus. Ut nec urna et arcu imperdiet ullamcorper. Duis at lacus. Quisque purus sapien, gravida non, sollicitudin a, malesuada id, erat. Etiam vestibulum massa rutrum',	1,	'',	0,	'2015-01-25 17:09:33',	'2015-01-25 17:09:33'),
(153,	2,	2,	3,	'2015-11-27 02:11:16',	0,	2014,	0,	'Lorem ipsum dolor sit amet, consectetuer adipiscing elit. Curabitur sed tortor. Integer aliquam adipiscing lacus. Ut nec urna et arcu imperdiet ullamcorper. Duis at lacus. Quisque purus sapien, gravida non,',	1,	'',	0,	'2015-01-25 17:09:33',	'2015-01-25 17:09:33'),
(154,	32,	2,	36,	'2015-02-15 04:02:39',	0,	2015,	1,	'Lorem ipsum dolor sit amet, consectetuer adipiscing elit. Curabitur sed tortor. Integer aliquam adipiscing lacus. Ut nec urna et arcu imperdiet ullamcorper. Duis at lacus. Quisque purus sapien, gravida non, sollicitudin',	1,	'',	0,	'2015-01-25 17:09:33',	'2015-01-25 17:09:33'),
(155,	67,	1,	4,	'2015-11-28 03:11:15',	0,	2015,	0,	'Lorem ipsum dolor sit amet, consectetuer adipiscing elit. Curabitur sed tortor. Integer aliquam adipiscing lacus. Ut nec urna et arcu imperdiet ullamcorper. Duis at lacus. Quisque purus sapien, gravida non, sollicitudin a,',	1,	'',	0,	'2015-01-25 17:09:33',	'2015-01-25 17:09:33'),
(156,	16,	2,	28,	'2014-10-06 09:10:25',	0,	2015,	1,	'Lorem ipsum dolor sit amet, consectetuer adipiscing elit. Curabitur sed tortor. Integer aliquam adipiscing lacus. Ut nec urna et arcu imperdiet ullamcorper. Duis at lacus. Quisque purus sapien, gravida non, sollicitudin a, malesuada',	1,	'',	0,	'2015-01-25 17:09:33',	'2015-01-25 17:09:33'),
(157,	8,	1,	27,	'2014-02-15 05:02:21',	0,	2015,	0,	'Lorem ipsum dolor sit amet, consectetuer adipiscing elit. Curabitur sed tortor. Integer aliquam adipiscing lacus. Ut nec urna et arcu imperdiet ullamcorper. Duis at lacus. Quisque purus sapien, gravida non, sollicitudin a, malesuada id, erat. Etiam vestibulum',	1,	'',	0,	'2015-01-25 17:09:33',	'2015-01-25 17:09:33'),
(158,	64,	1,	34,	'2015-11-30 10:11:35',	0,	2014,	1,	'Lorem ipsum dolor sit amet, consectetuer adipiscing elit. Curabitur sed tortor. Integer aliquam adipiscing lacus. Ut nec urna et arcu imperdiet ullamcorper. Duis at lacus. Quisque purus sapien, gravida non, sollicitudin a, malesuada',	1,	'',	0,	'2015-01-25 17:09:33',	'2015-01-25 17:09:33'),
(159,	70,	2,	32,	'2014-02-11 09:02:12',	0,	2014,	1,	'Lorem ipsum dolor sit amet, consectetuer adipiscing elit. Curabitur sed tortor. Integer aliquam adipiscing lacus. Ut nec urna et arcu imperdiet ullamcorper. Duis at lacus. Quisque purus sapien, gravida non, sollicitudin a, malesuada id, erat. Etiam vestibulum massa',	1,	'',	0,	'2015-01-25 17:09:33',	'2015-01-25 17:09:33'),
(160,	13,	2,	17,	'2015-03-30 01:03:54',	0,	2015,	0,	'Lorem ipsum dolor sit amet, consectetuer adipiscing elit. Curabitur sed tortor. Integer aliquam adipiscing lacus. Ut nec urna et arcu imperdiet ullamcorper. Duis at lacus. Quisque purus sapien, gravida non, sollicitudin a, malesuada id, erat. Etiam vestibulum massa rutrum',	1,	'',	0,	'2015-01-25 17:09:33',	'2015-01-25 17:09:33'),
(161,	22,	2,	22,	'2015-07-02 02:07:35',	0,	2014,	1,	'Lorem ipsum dolor sit amet, consectetuer adipiscing elit. Curabitur sed tortor. Integer aliquam adipiscing lacus. Ut nec urna et arcu imperdiet ullamcorper. Duis at lacus. Quisque purus sapien, gravida non, sollicitudin a, malesuada id, erat. Etiam vestibulum massa rutrum magna.',	1,	'',	0,	'2015-01-25 17:09:33',	'2015-01-25 17:09:33'),
(162,	5,	2,	8,	'2014-10-16 08:10:06',	0,	2015,	0,	'Lorem ipsum dolor sit amet, consectetuer adipiscing elit. Curabitur sed tortor. Integer aliquam adipiscing lacus. Ut nec urna et arcu imperdiet ullamcorper. Duis at lacus. Quisque purus sapien, gravida non, sollicitudin a, malesuada id, erat. Etiam',	1,	'',	0,	'2015-01-25 17:09:33',	'2015-01-25 17:09:33'),
(163,	31,	2,	11,	'2014-11-16 12:11:10',	0,	2014,	0,	'Lorem ipsum dolor sit amet, consectetuer adipiscing elit. Curabitur sed tortor. Integer aliquam adipiscing lacus. Ut nec urna et arcu imperdiet ullamcorper. Duis at lacus. Quisque purus sapien, gravida non, sollicitudin a, malesuada id,',	1,	'',	0,	'2015-01-25 17:09:33',	'2015-01-25 17:09:33'),
(164,	23,	2,	33,	'2015-03-23 11:03:41',	0,	2015,	0,	'Lorem ipsum dolor sit amet, consectetuer adipiscing elit. Curabitur sed tortor. Integer aliquam adipiscing lacus. Ut nec urna et arcu imperdiet ullamcorper. Duis at lacus. Quisque purus sapien, gravida non, sollicitudin',	1,	'',	0,	'2015-01-25 17:09:33',	'2015-01-25 17:09:33'),
(165,	41,	1,	10,	'2015-09-21 03:09:32',	0,	2014,	0,	'Lorem ipsum dolor sit amet, consectetuer adipiscing elit. Curabitur sed tortor. Integer aliquam adipiscing lacus. Ut nec urna et arcu imperdiet ullamcorper. Duis at lacus. Quisque purus sapien, gravida non, sollicitudin a, malesuada id, erat. Etiam vestibulum',	1,	'',	0,	'2015-01-25 17:09:33',	'2015-01-25 17:09:33'),
(166,	21,	1,	16,	'2015-09-26 12:09:56',	0,	2014,	1,	'Lorem ipsum dolor sit amet, consectetuer adipiscing elit. Curabitur sed tortor. Integer aliquam adipiscing lacus. Ut nec urna et arcu imperdiet ullamcorper. Duis at lacus. Quisque purus sapien, gravida non, sollicitudin',	1,	'',	0,	'2015-01-25 17:09:33',	'2015-01-25 17:09:33'),
(167,	13,	2,	31,	'2015-06-08 03:06:22',	0,	2015,	0,	'Lorem ipsum dolor sit amet, consectetuer adipiscing elit. Curabitur sed tortor. Integer aliquam adipiscing lacus. Ut nec urna et arcu imperdiet ullamcorper. Duis at lacus. Quisque purus sapien, gravida non, sollicitudin a, malesuada id,',	1,	'',	0,	'2015-01-25 17:09:33',	'2015-01-25 17:09:33'),
(168,	48,	2,	31,	'2015-06-28 04:06:08',	0,	2015,	1,	'Lorem ipsum dolor sit amet, consectetuer adipiscing elit. Curabitur sed tortor. Integer aliquam adipiscing lacus. Ut nec urna et arcu imperdiet ullamcorper. Duis at lacus. Quisque purus sapien, gravida non, sollicitudin a, malesuada id, erat. Etiam vestibulum massa rutrum',	1,	'',	0,	'2015-01-25 17:09:33',	'2015-01-25 17:09:33'),
(169,	44,	2,	22,	'2015-07-18 03:07:52',	0,	2015,	1,	'Lorem ipsum dolor sit amet, consectetuer adipiscing elit. Curabitur sed tortor. Integer aliquam adipiscing lacus. Ut nec urna et arcu imperdiet ullamcorper. Duis at lacus. Quisque purus sapien, gravida non, sollicitudin a, malesuada id, erat. Etiam vestibulum massa rutrum magna.',	1,	'',	0,	'2015-01-25 17:09:33',	'2015-01-25 17:09:33'),
(170,	28,	3,	5,	'2015-07-20 01:07:21',	0,	2016,	0,	'Lorem ipsum dolor sit amet, consectetuer adipiscing elit. Curabitur sed tortor. Integer aliquam adipiscing lacus. Ut nec urna et arcu imperdiet ullamcorper. Duis at lacus. Quisque purus sapien, gravida non, sollicitudin',	1,	'',	0,	'2015-01-25 17:09:33',	'2015-01-25 17:09:33'),
(171,	24,	1,	22,	'2014-05-12 05:05:18',	0,	2014,	1,	'Lorem ipsum dolor sit amet, consectetuer adipiscing elit. Curabitur sed tortor. Integer aliquam adipiscing lacus. Ut nec urna et arcu imperdiet ullamcorper. Duis at lacus. Quisque purus sapien, gravida non, sollicitudin a,',	1,	'',	0,	'2015-01-25 17:09:33',	'2015-01-25 17:09:33'),
(172,	2,	2,	27,	'2014-12-25 11:12:31',	0,	2014,	0,	'Lorem ipsum dolor sit amet, consectetuer adipiscing elit. Curabitur sed tortor. Integer aliquam adipiscing lacus. Ut nec urna et arcu imperdiet ullamcorper. Duis at lacus. Quisque purus sapien, gravida non, sollicitudin a, malesuada id, erat. Etiam',	1,	'',	0,	'2015-01-25 17:09:33',	'2015-01-25 17:09:33'),
(173,	33,	3,	20,	'2015-10-27 03:10:07',	0,	2015,	0,	'Lorem ipsum dolor sit amet, consectetuer adipiscing elit. Curabitur sed tortor. Integer aliquam adipiscing lacus. Ut nec urna et arcu imperdiet ullamcorper. Duis at lacus. Quisque purus sapien, gravida non, sollicitudin',	1,	'',	0,	'2015-01-25 17:09:33',	'2015-01-25 17:09:33'),
(174,	59,	3,	24,	'2014-07-02 06:07:48',	0,	2014,	1,	'Lorem ipsum dolor sit amet, consectetuer adipiscing elit. Curabitur sed tortor. Integer aliquam adipiscing lacus. Ut nec urna et arcu imperdiet ullamcorper. Duis at lacus. Quisque purus sapien, gravida non, sollicitudin a, malesuada id, erat. Etiam vestibulum massa',	1,	'',	0,	'2015-01-25 17:09:33',	'2015-01-25 17:09:33'),
(175,	55,	1,	34,	'2014-11-15 04:11:33',	0,	2016,	1,	'Lorem ipsum dolor sit amet, consectetuer adipiscing elit. Curabitur sed tortor. Integer aliquam adipiscing lacus. Ut nec urna et arcu imperdiet ullamcorper. Duis at lacus. Quisque purus sapien, gravida non, sollicitudin a, malesuada id, erat. Etiam vestibulum massa rutrum magna.',	1,	'',	0,	'2015-01-25 17:09:33',	'2015-01-25 17:09:33'),
(176,	37,	2,	28,	'2015-05-27 06:05:37',	0,	2015,	1,	'Lorem ipsum dolor sit amet, consectetuer adipiscing elit. Curabitur sed tortor. Integer aliquam adipiscing lacus. Ut nec urna et arcu imperdiet ullamcorper. Duis at lacus. Quisque purus sapien, gravida non, sollicitudin a, malesuada id, erat. Etiam',	1,	'',	0,	'2015-01-25 17:09:33',	'2015-01-25 17:09:33'),
(177,	52,	2,	36,	'2014-07-25 11:07:53',	0,	2014,	0,	'Lorem ipsum dolor sit amet, consectetuer adipiscing elit. Curabitur sed tortor. Integer aliquam adipiscing lacus. Ut nec urna et arcu imperdiet ullamcorper. Duis at lacus. Quisque purus sapien, gravida non, sollicitudin a, malesuada',	1,	'',	0,	'2015-01-25 17:09:33',	'2015-01-25 17:09:33'),
(178,	23,	3,	36,	'2014-08-07 10:08:41',	0,	2014,	0,	'Lorem ipsum dolor sit amet, consectetuer adipiscing elit. Curabitur sed tortor. Integer aliquam adipiscing lacus. Ut nec urna et arcu imperdiet ullamcorper. Duis at lacus. Quisque purus sapien, gravida non,',	1,	'',	0,	'2015-01-25 17:09:33',	'2015-01-25 17:09:33'),
(179,	42,	2,	24,	'2016-01-19 12:01:54',	0,	2014,	1,	'Lorem ipsum dolor sit amet, consectetuer adipiscing elit. Curabitur sed tortor. Integer aliquam adipiscing lacus. Ut nec urna et arcu imperdiet ullamcorper. Duis at lacus. Quisque purus sapien, gravida non, sollicitudin a,',	1,	'',	0,	'2015-01-25 17:09:33',	'2015-01-25 17:09:33'),
(180,	61,	1,	24,	'2014-05-04 02:05:44',	0,	2015,	1,	'Lorem ipsum dolor sit amet, consectetuer adipiscing elit. Curabitur sed tortor. Integer aliquam adipiscing lacus. Ut nec urna et arcu imperdiet ullamcorper. Duis at lacus. Quisque purus sapien, gravida non, sollicitudin a, malesuada id, erat. Etiam',	1,	'',	0,	'2015-01-25 17:09:33',	'2015-01-25 17:09:33'),
(181,	52,	2,	33,	'2015-03-20 10:03:46',	0,	2015,	1,	'Lorem ipsum dolor sit amet, consectetuer adipiscing elit. Curabitur sed tortor. Integer aliquam adipiscing lacus. Ut nec urna et arcu imperdiet ullamcorper. Duis at lacus. Quisque purus sapien, gravida non, sollicitudin a, malesuada',	1,	'',	0,	'2015-01-25 17:09:33',	'2015-01-25 17:09:33'),
(182,	2,	1,	31,	'2015-05-12 12:05:59',	0,	2015,	0,	'Lorem ipsum dolor sit amet, consectetuer adipiscing elit. Curabitur sed tortor. Integer aliquam adipiscing lacus. Ut nec urna et arcu imperdiet ullamcorper. Duis at lacus. Quisque purus sapien, gravida non, sollicitudin a, malesuada id, erat. Etiam vestibulum',	1,	'',	0,	'2015-01-25 17:09:33',	'2015-01-25 17:09:33'),
(183,	28,	1,	17,	'2014-08-08 01:08:13',	0,	2015,	0,	'Lorem ipsum dolor sit amet, consectetuer adipiscing elit. Curabitur sed tortor. Integer aliquam adipiscing lacus. Ut nec urna et arcu imperdiet ullamcorper. Duis at lacus. Quisque purus sapien, gravida non, sollicitudin a, malesuada id, erat. Etiam',	1,	'',	0,	'2015-01-25 17:09:33',	'2015-01-25 17:09:33'),
(184,	51,	3,	28,	'2015-10-25 09:10:40',	0,	2014,	0,	'Lorem ipsum dolor sit amet, consectetuer adipiscing elit. Curabitur sed tortor. Integer aliquam adipiscing lacus. Ut nec urna et arcu imperdiet ullamcorper. Duis at lacus. Quisque purus sapien, gravida non, sollicitudin a, malesuada id, erat. Etiam vestibulum massa rutrum',	1,	'',	0,	'2015-01-25 17:09:33',	'2015-01-25 17:09:33'),
(185,	69,	2,	36,	'2015-12-04 08:12:59',	0,	2015,	0,	'Lorem ipsum dolor sit amet, consectetuer adipiscing elit. Curabitur sed tortor. Integer aliquam adipiscing lacus. Ut nec urna et arcu imperdiet ullamcorper. Duis at lacus. Quisque purus sapien, gravida non, sollicitudin a, malesuada id, erat.',	1,	'',	0,	'2015-01-25 17:09:33',	'2015-01-25 17:09:33'),
(186,	54,	2,	15,	'2014-12-23 06:12:03',	0,	2014,	0,	'Lorem ipsum dolor sit amet, consectetuer adipiscing elit. Curabitur sed tortor. Integer aliquam adipiscing lacus. Ut nec urna et arcu imperdiet ullamcorper. Duis at lacus. Quisque purus sapien, gravida non, sollicitudin a, malesuada',	1,	'',	0,	'2015-01-25 17:09:33',	'2015-01-25 17:09:33'),
(187,	59,	3,	35,	'2014-12-13 03:12:11',	0,	2015,	0,	'Lorem ipsum dolor sit amet, consectetuer adipiscing elit. Curabitur sed tortor. Integer aliquam adipiscing lacus. Ut nec urna et arcu imperdiet ullamcorper. Duis at lacus. Quisque purus sapien, gravida non, sollicitudin a, malesuada id,',	1,	'',	0,	'2015-01-25 17:09:33',	'2015-01-25 17:09:33'),
(188,	22,	2,	35,	'2015-02-26 07:02:46',	0,	2014,	0,	'Lorem ipsum dolor sit amet, consectetuer adipiscing elit. Curabitur sed tortor. Integer aliquam adipiscing lacus. Ut nec urna et arcu imperdiet ullamcorper. Duis at lacus. Quisque purus sapien, gravida non, sollicitudin a,',	1,	'',	0,	'2015-01-25 17:09:33',	'2015-01-25 17:09:33'),
(189,	41,	1,	16,	'2014-07-26 01:07:30',	0,	2014,	1,	'Lorem ipsum dolor sit amet, consectetuer adipiscing elit. Curabitur sed tortor. Integer aliquam adipiscing lacus. Ut nec urna et arcu imperdiet ullamcorper. Duis at lacus. Quisque purus sapien, gravida non, sollicitudin a, malesuada',	1,	'',	0,	'2015-01-25 17:09:33',	'2015-01-25 17:09:33'),
(190,	43,	3,	33,	'2014-12-22 02:12:06',	0,	2014,	0,	'Lorem ipsum dolor sit amet, consectetuer adipiscing elit. Curabitur sed tortor. Integer aliquam adipiscing lacus. Ut nec urna et arcu imperdiet ullamcorper. Duis at lacus. Quisque purus sapien, gravida non, sollicitudin a, malesuada id, erat. Etiam vestibulum massa rutrum magna.',	1,	'',	0,	'2015-01-25 17:09:33',	'2015-01-25 17:09:33'),
(191,	29,	3,	1,	'2014-12-05 03:12:44',	0,	2015,	1,	'Lorem ipsum dolor sit amet, consectetuer adipiscing elit. Curabitur sed tortor. Integer aliquam adipiscing lacus. Ut nec urna et arcu imperdiet ullamcorper. Duis at lacus. Quisque purus sapien, gravida non, sollicitudin a, malesuada id,',	1,	'',	0,	'2015-01-25 17:09:33',	'2015-01-25 17:09:33'),
(192,	6,	2,	27,	'2015-05-20 06:05:16',	0,	2015,	0,	'Lorem ipsum dolor sit amet, consectetuer adipiscing elit. Curabitur sed tortor. Integer aliquam adipiscing lacus. Ut nec urna et arcu imperdiet ullamcorper. Duis at lacus. Quisque purus sapien, gravida non, sollicitudin a, malesuada id,',	1,	'',	0,	'2015-01-25 17:09:33',	'2015-01-25 17:09:33'),
(193,	25,	3,	2,	'2015-09-01 05:09:45',	0,	2014,	0,	'Lorem ipsum dolor sit amet, consectetuer adipiscing elit. Curabitur sed tortor. Integer aliquam adipiscing lacus. Ut nec urna et arcu imperdiet ullamcorper. Duis at lacus. Quisque purus sapien, gravida non, sollicitudin a, malesuada id, erat. Etiam vestibulum massa rutrum magna.',	1,	'',	0,	'2015-01-25 17:09:33',	'2015-01-25 17:09:33'),
(194,	30,	3,	33,	'2015-01-25 01:01:25',	0,	2015,	0,	'Lorem ipsum dolor sit amet, consectetuer adipiscing elit. Curabitur sed tortor. Integer aliquam adipiscing lacus. Ut nec urna et arcu imperdiet ullamcorper. Duis at lacus. Quisque purus sapien, gravida non, sollicitudin a, malesuada id, erat. Etiam vestibulum',	1,	'',	0,	'2015-01-25 17:09:33',	'2015-01-25 17:09:33'),
(195,	56,	3,	33,	'2014-08-06 05:08:44',	0,	2015,	0,	'Lorem ipsum dolor sit amet, consectetuer adipiscing elit. Curabitur sed tortor. Integer aliquam adipiscing lacus. Ut nec urna et arcu imperdiet ullamcorper. Duis at lacus. Quisque purus sapien, gravida non, sollicitudin',	1,	'',	0,	'2015-01-25 17:09:33',	'2015-01-25 17:09:33'),
(196,	47,	2,	22,	'2014-12-14 07:12:13',	0,	2015,	0,	'Lorem ipsum dolor sit amet, consectetuer adipiscing elit. Curabitur sed tortor. Integer aliquam adipiscing lacus. Ut nec urna et arcu imperdiet ullamcorper. Duis at lacus. Quisque purus sapien, gravida non, sollicitudin',	1,	'',	0,	'2015-01-25 17:09:33',	'2015-01-25 17:09:33'),
(197,	14,	2,	19,	'2015-09-05 08:09:08',	0,	2014,	0,	'Lorem ipsum dolor sit amet, consectetuer adipiscing elit. Curabitur sed tortor. Integer aliquam adipiscing lacus. Ut nec urna et arcu imperdiet ullamcorper. Duis at lacus. Quisque purus sapien, gravida non, sollicitudin a, malesuada id, erat.',	1,	'',	0,	'2015-01-25 17:09:33',	'2015-01-25 17:09:33'),
(198,	59,	1,	16,	'2014-11-13 03:11:47',	0,	2015,	0,	'Lorem ipsum dolor sit amet, consectetuer adipiscing elit. Curabitur sed tortor. Integer aliquam adipiscing lacus. Ut nec urna et arcu imperdiet ullamcorper. Duis at lacus. Quisque purus sapien, gravida non,',	1,	'',	0,	'2015-01-25 17:09:33',	'2015-01-25 17:09:33'),
(199,	36,	3,	18,	'2015-12-07 01:12:03',	0,	2014,	0,	'Lorem ipsum dolor sit amet, consectetuer adipiscing elit. Curabitur sed tortor. Integer aliquam adipiscing lacus. Ut nec urna et arcu imperdiet ullamcorper. Duis at lacus. Quisque purus sapien, gravida non, sollicitudin a, malesuada id, erat. Etiam vestibulum',	1,	'',	0,	'2015-01-25 17:09:33',	'2015-01-25 17:09:33'),
(200,	5,	2,	22,	'2014-12-20 12:12:47',	0,	2014,	0,	'Lorem ipsum dolor sit amet, consectetuer adipiscing elit. Curabitur sed tortor. Integer aliquam adipiscing lacus. Ut nec urna et arcu imperdiet ullamcorper. Duis at lacus. Quisque purus sapien, gravida non, sollicitudin',	1,	'',	0,	'2015-01-25 17:09:33',	'2015-01-25 17:09:33'),
(201,	72,	2,	15,	'0000-00-00 00:00:00',	0,	0,	0,	'another ssssssssss',	0,	'',	0,	'2015-01-27 04:24:07',	'2015-01-27 04:24:07'),
(202,	72,	2,	15,	'0000-00-00 00:00:00',	0,	0,	0,	'another ssssssssss',	0,	'',	0,	'2015-01-27 04:30:42',	'2015-01-27 04:30:42'),
(203,	72,	2,	15,	'0000-00-00 00:00:00',	0,	0,	0,	'another ssssssssss',	0,	'',	0,	'2015-01-27 04:31:16',	'2015-01-27 04:31:16'),
(204,	72,	2,	15,	'0000-00-00 00:00:00',	0,	0,	0,	'another ssssssssss',	0,	'',	0,	'2015-01-27 04:31:49',	'2015-01-27 04:31:49'),
(205,	72,	2,	15,	'0000-00-00 00:00:00',	0,	0,	0,	'another ssssssssss',	0,	'',	0,	'2015-01-27 04:31:55',	'2015-01-27 04:31:55'),
(206,	72,	2,	15,	'0000-00-00 00:00:00',	0,	0,	0,	'another ssssssssss',	0,	'',	0,	'2015-01-27 04:36:13',	'2015-01-27 04:36:13'),
(207,	72,	2,	15,	'0000-00-00 00:00:00',	0,	0,	0,	'another ssssssssss',	0,	'',	0,	'2015-01-27 05:13:14',	'2015-01-27 05:13:14'),
(208,	72,	2,	15,	'2015-01-29 05:16:10',	0,	0,	0,	'another ssssssssss',	0,	'',	0,	'2015-01-27 05:16:10',	'2015-01-27 05:16:10'),
(209,	72,	2,	15,	'2015-01-29 05:51:06',	0,	0,	0,	'code code code\r\n',	0,	'',	0,	'2015-01-27 05:51:06',	'2015-01-27 05:51:06'),
(210,	72,	2,	15,	'2015-01-29 05:52:49',	0,	0,	0,	'code code code\r\n',	0,	'',	0,	'2015-01-27 05:52:49',	'2015-01-27 05:52:49'),
(211,	72,	2,	15,	'0000-00-00 00:00:00',	0,	0,	0,	'code code code\r\n',	0,	'',	0,	'2015-01-27 05:53:42',	'2015-01-27 05:53:42'),
(212,	72,	2,	15,	'2015-01-29 00:00:00',	0,	0,	0,	'code code code\r\n',	0,	'',	0,	'2015-01-27 05:54:13',	'2015-01-27 05:54:13'),
(213,	72,	2,	15,	'2015-01-29 00:00:00',	0,	0,	0,	'code code code\r\n',	0,	'',	0,	'2015-01-27 05:54:23',	'2015-01-27 05:54:23'),
(214,	72,	2,	15,	'2015-01-29 00:00:00',	0,	0,	0,	'code code code\r\n',	0,	'',	0,	'2015-01-27 05:54:57',	'2015-01-27 05:54:57'),
(215,	72,	2,	15,	'2015-01-29 00:00:00',	0,	0,	0,	'code code code\r\n',	0,	'',	0,	'2015-01-27 05:56:15',	'2015-01-27 05:56:15'),
(216,	72,	2,	15,	'2015-01-29 00:00:00',	0,	0,	0,	'code code code\r\n',	0,	'',	0,	'2015-01-27 05:56:38',	'2015-01-27 05:56:38'),
(217,	72,	2,	15,	'2015-01-29 00:00:00',	0,	0,	0,	'code code code\r\n',	0,	'',	0,	'2015-01-27 05:56:50',	'2015-01-27 05:56:50'),
(218,	72,	2,	15,	'2015-01-29 00:00:00',	0,	2010,	0,	'code code code\r\n',	0,	'',	0,	'2015-01-27 05:57:43',	'2015-01-27 05:57:43'),
(219,	72,	2,	15,	'2015-01-29 00:00:00',	0,	1422327000,	0,	'code code code\r\n',	0,	'',	0,	'2015-01-27 05:59:43',	'2015-01-27 05:59:43'),
(220,	72,	2,	15,	'2015-01-29 00:00:00',	0,	1422327000,	0,	'code code code\r\n',	0,	'',	0,	'2015-01-27 06:00:14',	'2015-01-27 06:00:14'),
(221,	72,	2,	15,	'2015-01-29 00:00:00',	0,	1422327000,	0,	'code code code\r\n',	0,	'',	0,	'2015-01-27 06:00:20',	'2015-01-27 06:00:20'),
(222,	72,	2,	15,	'2015-01-29 00:00:00',	1,	1422327000,	0,	'code code code\r\n',	0,	'promotion code',	0,	'2015-01-27 06:03:16',	'2015-01-27 06:03:16'),
(223,	72,	2,	15,	'2015-01-01 00:00:00',	1,	1422321000,	0,	'asdlfjaldfjladjflkajdslkfadsf',	0,	'asdlfjaldjfl',	0,	'2015-01-27 06:46:45',	'2015-01-27 06:46:45'),
(224,	72,	2,	20,	'2015-01-31 00:00:00',	9,	1422383400,	0,	'',	0,	'adfadsfasdf',	0,	'2015-01-27 06:49:06',	'2015-01-27 06:49:06'),
(225,	72,	2,	15,	'2015-01-27 00:00:00',	1,	1422360000,	0,	'undercontroll',	0,	'something ',	0,	'2015-01-27 10:56:20',	'2015-01-27 10:56:20'),
(226,	74,	2,	15,	'2015-01-27 00:00:00',	1,	1422360000,	0,	'another special field',	0,	'promotion code',	0,	'2015-01-27 11:07:41',	'2015-01-27 11:07:41'),
(227,	74,	2,	15,	'2015-01-31 00:00:00',	6,	1422402900,	0,	'another review',	0,	'promotion',	0,	'2015-01-27 11:11:02',	'2015-01-27 11:11:02'),
(228,	71,	2,	20,	'2015-01-01 00:00:00',	8,	1422346800,	0,	'',	0,	'',	0,	'2015-01-27 11:18:48',	'2015-01-27 11:18:48'),
(229,	75,	2,	32,	'2015-01-14 00:00:00',	8,	1422331800,	0,	'',	0,	'',	0,	'2015-01-27 11:38:11',	'2015-01-27 11:38:11'),
(230,	72,	2,	20,	'2015-01-27 00:00:00',	6,	1422360000,	0,	'',	0,	'',	0,	'2015-01-27 18:23:23',	'2015-01-27 18:23:23'),
(231,	72,	3,	30,	'2015-01-27 00:00:00',	1,	1422360000,	0,	'',	0,	'',	7,	'2015-01-27 19:38:20',	'2015-01-27 19:38:20'),
(232,	72,	2,	20,	'2015-01-30 00:00:00',	5,	1422446400,	0,	'',	0,	'',	0,	'2015-01-28 02:06:12',	'2015-01-28 02:06:12'),
(233,	72,	2,	15,	'2015-01-31 00:00:00',	1,	1422446400,	0,	'',	0,	'',	0,	'2015-01-28 03:03:38',	'2015-01-28 03:03:38'),
(234,	72,	2,	20,	'2015-01-28 00:00:00',	3,	1422446400,	0,	'',	0,	'',	0,	'2015-01-28 03:05:54',	'2015-01-28 03:05:54'),
(235,	72,	1,	20,	'2015-01-28 00:00:00',	4,	1422446400,	0,	'',	0,	'',	12,	'2015-01-28 03:32:44',	'2015-01-28 03:32:44'),
(236,	72,	2,	15,	'2015-01-30 00:00:00',	3,	1422446400,	0,	'',	0,	'',	3,	'2015-01-28 03:56:48',	'2015-01-28 03:56:48'),
(237,	72,	3,	14,	'2015-01-28 00:00:00',	4,	1422446400,	0,	'',	0,	'',	24,	'2015-01-28 05:19:09',	'2015-01-28 05:19:09'),
(238,	72,	2,	14,	'2015-01-28 00:00:00',	1,	1422446400,	0,	'other required',	0,	'promotion',	6,	'2015-01-28 13:45:39',	'2015-01-28 13:45:39'),
(239,	72,	3,	36,	'2015-01-30 13:03:15',	1,	1422548100,	0,	'',	-2,	'',	1,	'2015-01-30 13:03:15',	'2015-01-29 06:07:14'),
(240,	72,	3,	36,	'2015-01-30 13:07:31',	7,	1422586500,	1,	'',	-2,	'',	7,	'2015-01-30 13:07:31',	'2015-01-30 11:36:18');

DELIMITER ;;

CREATE TRIGGER `task_create` BEFORE INSERT ON `task` FOR EACH ROW
SET NEW.created_at = NOW(), NEW.updated_at = NOW();;

CREATE TRIGGER `task_update` BEFORE UPDATE ON `task` FOR EACH ROW
SET NEW.updated_at = NOW(), NEW.created_at = OLD.created_at;;

DELIMITER ;

DROP TABLE IF EXISTS `users`;
CREATE TABLE `users` (
  `id` int(11) NOT NULL AUTO_INCREMENT,
  `username` varchar(200) COLLATE utf8_unicode_ci NOT NULL,
  `first_name` varchar(255) COLLATE utf8_unicode_ci NOT NULL,
  `last_name` varchar(255) COLLATE utf8_unicode_ci NOT NULL,
  `email` varchar(255) COLLATE utf8_unicode_ci NOT NULL,
  `sex` int(11) NOT NULL DEFAULT '0',
  `nation` varchar(255) COLLATE utf8_unicode_ci NOT NULL,
  `confirmation` varchar(255) COLLATE utf8_unicode_ci NOT NULL,
  `password` varchar(255) COLLATE utf8_unicode_ci NOT NULL,
  `pass_reset` varchar(255) COLLATE utf8_unicode_ci NOT NULL,
  `profile_picture` varchar(255) COLLATE utf8_unicode_ci NOT NULL,
  `fb_token` varchar(255) COLLATE utf8_unicode_ci NOT NULL,
  `uid` bigint(20) NOT NULL,
  `role` int(11) NOT NULL,
  `remember_token` varchar(100) COLLATE utf8_unicode_ci NOT NULL,
  `phone_number` varchar(12) COLLATE utf8_unicode_ci NOT NULL,
  `city` text COLLATE utf8_unicode_ci NOT NULL,
  `area` text COLLATE utf8_unicode_ci NOT NULL,
  `addr1` text COLLATE utf8_unicode_ci NOT NULL,
  `addr2` text COLLATE utf8_unicode_ci NOT NULL,
  `updated_at` timestamp NOT NULL DEFAULT CURRENT_TIMESTAMP ON UPDATE CURRENT_TIMESTAMP,
  `created_at` timestamp NOT NULL DEFAULT '0000-00-00 00:00:00',
  PRIMARY KEY (`id`)
) ENGINE=InnoDB DEFAULT CHARSET=utf8 COLLATE=utf8_unicode_ci;

INSERT INTO `users` (`id`, `username`, `first_name`, `last_name`, `email`, `sex`, `nation`, `confirmation`, `password`, `pass_reset`, `profile_picture`, `fb_token`, `uid`, `role`, `remember_token`, `phone_number`, `city`, `area`, `addr1`, `addr2`, `updated_at`, `created_at`) VALUES
(1,	'Robb Swaniawski',	'Spencer',	'Marcus',	'Ara.Hansen@murphy.net',	0,	'',	'aaaaaaaaaaaaaaaaaaaaaaa',	'aaaaaaaaaaaaaaaaaaaaaaa',	'aaaaaaaaaaaaaaaaaaaaaaa',	'',	'',	0,	0,	'',	'',	'',	'',	'',	'',	'2015-01-25 16:06:23',	'2015-01-25 16:06:23'),
(2,	'Aditya McClure',	'Claire',	'Kohler',	'Dariana@sophia.com',	0,	'',	'aaaaaaaaaaaaaaaaaaaaaaa',	'aaaaaaaaaaaaaaaaaaaaaaa',	'aaaaaaaaaaaaaaaaaaaaaaa',	'',	'',	0,	0,	'',	'',	'',	'',	'',	'',	'2015-01-25 16:07:20',	'2015-01-25 16:07:20'),
(3,	'Daniel',	'Consuelo',	'Rossie Trantow',	'Oran@mertie.name',	0,	'',	'aaaaaaaaaaaaaaaaaaaaaaa',	'aaaaaaaaaaaaaaaaaaaaaaa',	'aaaaaaaaaaaaaaaaaaaaaaa',	'',	'',	0,	0,	'',	'',	'',	'',	'',	'',	'2015-01-25 16:08:18',	'2015-01-25 16:08:18'),
(4,	'Rashad Rath',	'Lakin',	'Oswaldo',	'Clement@janelle.org',	0,	'',	'aaaaaaaaaaaaaaaaaaaaaaa',	'aaaaaaaaaaaaaaaaaaaaaaa',	'aaaaaaaaaaaaaaaaaaaaaaa',	'',	'',	0,	0,	'',	'',	'',	'',	'',	'',	'2015-01-25 16:09:01',	'2015-01-25 16:09:01'),
(5,	'Rau',	'Kali',	'Chet Block',	'Zoila.Bogisich@lori.io',	0,	'',	'aaaaaaaaaaaaaaaaaaaaaaa',	'aaaaaaaaaaaaaaaaaaaaaaa',	'aaaaaaaaaaaaaaaaaaaaaaa',	'',	'',	0,	0,	'',	'',	'',	'',	'',	'',	'2015-01-25 16:11:07',	'2015-01-25 16:11:07'),
(6,	'Archibald Rutherford',	'Mann',	'Abbey',	'Kaela_Effertz@joshua.biz',	0,	'',	'aaaaaaaaaaaaaaaaaaaaaaa',	'aaaaaaaaaaaaaaaaaaaaaaa',	'aaaaaaaaaaaaaaaaaaaaaaa',	'',	'',	0,	0,	'',	'',	'',	'',	'',	'',	'2015-01-25 16:14:44',	'2015-01-25 16:14:44'),
(7,	'Roselyn Weimann',	'Altenwerth',	'Gage',	'Jane@elnora.org',	0,	'',	'aaaaaaaaaaaaaaaaaaaaaaa',	'aaaaaaaaaaaaaaaaaaaaaaa',	'aaaaaaaaaaaaaaaaaaaaaaa',	'',	'',	0,	0,	'',	'',	'',	'',	'',	'',	'2015-01-25 16:15:14',	'2015-01-25 16:15:14'),
(8,	'Royal Kihn Sr.',	'Medhurst',	'Korbin',	'Kitty@bo.us',	0,	'',	'aaaaaaaaaaaaaaaaaaaaaaa',	'aaaaaaaaaaaaaaaaaaaaaaa',	'aaaaaaaaaaaaaaaaaaaaaaa',	'',	'',	0,	0,	'',	'',	'',	'',	'',	'',	'2015-01-25 16:15:53',	'2015-01-25 16:15:53'),
(9,	'Elinore Powlowski',	'Rempel',	'Gardner',	'Rogelio_Cartwright@adela.co.uk',	0,	'',	'aaaaaaaaaaaaaaaaaaaaaaa',	'aaaaaaaaaaaaaaaaaaaaaaa',	'aaaaaaaaaaaaaaaaaaaaaaa',	'',	'',	0,	0,	'',	'',	'',	'',	'',	'',	'2015-01-25 16:16:16',	'2015-01-25 16:16:16'),
(10,	'Kimberly Zboncak',	'Boyle',	'Ike',	'Fanny.Dare@lulu.ca',	0,	'',	'aaaaaaaaaaaaaaaaaaaaaaa',	'aaaaaaaaaaaaaaaaaaaaaaa',	'aaaaaaaaaaaaaaaaaaaaaaa',	'',	'',	0,	0,	'',	'',	'',	'',	'',	'',	'2015-01-25 16:16:38',	'2015-01-25 16:16:38'),
(11,	'Catharine Jacobson',	'Gerson',	'Barton',	'Maggie@keshawn.biz',	0,	'',	'a264bb2c09b62b8cfb8f48ea28cc2b3b143e',	'493c8c7c811d6fd376c7bbc224c0bb091581',	'',	'',	'',	0,	0,	'',	'',	'',	'',	'',	'',	'2015-01-25 16:22:36',	'2015-01-25 16:22:36'),
(12,	'Joshuah Gottlieb',	'Dereck',	'Wiegand',	'Cynthia.Swaniawski@uriah.tv',	0,	'',	'a96cd0cac707ce41d1a7e91c98ee25e2b5c7',	'ce862ac588b15d513331618aa6fb9ad37a0b',	'',	'',	'',	0,	0,	'',	'',	'',	'',	'',	'',	'2015-01-25 16:22:36',	'2015-01-25 16:22:36'),
(13,	'Neal Strosin',	'Darren',	'Pfannerstill',	'Abigail@araceli.com',	0,	'',	'71e9b3b6c61e62b67124184ed38560d18634',	'c93f9a050b2adaae131e2b4d9d6584a02243',	'',	'',	'',	0,	0,	'',	'',	'',	'',	'',	'',	'2015-01-25 16:22:36',	'2015-01-25 16:22:36'),
(14,	'Miss Elias Luettgen',	'Marilie',	'Hintz',	'Lincoln@amos.co.uk',	0,	'',	'0044aa46362cd7ee88c13cf78c2267e31415',	'90aaf3b07013af11e828b086d82dd48d72e7',	'',	'',	'',	0,	0,	'',	'',	'',	'',	'',	'',	'2015-01-25 16:22:36',	'2015-01-25 16:22:36'),
(15,	'Luigi Cole',	'Shanna',	'Torp',	'Kira@leta.org',	0,	'',	'bf540e314848dcff508c8f883e0c8c59a8ba',	'10a1f3b80063fb3c768c0f49d2c4d640a10d',	'',	'',	'',	0,	0,	'',	'',	'',	'',	'',	'',	'2015-01-25 16:22:36',	'2015-01-25 16:22:36'),
(16,	'Ms. Graham Gleichner',	'Randal',	'Streich',	'Eleanora@octavia.co.uk',	0,	'',	'0bc5bd9d0eb8f7b3fe50166359a4b8bc5fa9',	'7de79a06a3399aad814e9e3859b4e367604d',	'',	'',	'',	0,	0,	'',	'',	'',	'',	'',	'',	'2015-01-25 16:22:36',	'2015-01-25 16:22:36'),
(17,	'Melody Herman',	'Ned',	'Olson',	'Beulah.Beer@quinton.io',	0,	'',	'b64b7de2041ce76d767358fd0a93d652019f',	'dcbdf625d281aa8b5c63cdddae7ea136e404',	'',	'',	'',	0,	0,	'',	'',	'',	'',	'',	'',	'2015-01-25 16:22:36',	'2015-01-25 16:22:36'),
(18,	'Miss Cloyd Kshlerin',	'Lurline',	'Pacocha',	'Guy_Beahan@silas.org',	0,	'',	'03af3d81334a5f4afd7dd34c152213e60270',	'abb624197a2a3dac7596aa877cf48574fe76',	'',	'',	'',	0,	0,	'',	'',	'',	'',	'',	'',	'2015-01-25 16:22:36',	'2015-01-25 16:22:36'),
(19,	'Lawrence Okuneva',	'Kristy',	'Stokes',	'Johnathon@amya.co.uk',	0,	'',	'0b31cb098b2f823ee91a3cbcadd632abf694',	'e4848fc7f8d62801a5ce69c201b3febaa046',	'',	'',	'',	0,	0,	'',	'',	'',	'',	'',	'',	'2015-01-25 16:22:36',	'2015-01-25 16:22:36'),
(20,	'Amari McClure',	'Flo',	'Beier',	'Janessa.Hansen@zetta.co.uk',	0,	'',	'8fc0b43877cc09d5eaeb56ba53ce3b978a1f',	'f976e2e1346a399c02e0bff4e10096efa37b',	'',	'',	'',	0,	0,	'',	'',	'',	'',	'',	'',	'2015-01-25 16:22:36',	'2015-01-25 16:22:36'),
(21,	'Gaetano Kihn',	'Alexandre',	'Spinka',	'Frieda.Williamson@christina.me',	0,	'',	'2b614f2178a4983388e4cb554edb89f91a94',	'2649c6b2de037473744168fc84605d84e5dc',	'',	'',	'',	0,	0,	'',	'',	'',	'',	'',	'',	'2015-01-25 16:24:27',	'2015-01-25 16:24:27'),
(22,	'Shayne McGlynn',	'Krystal',	'Williamson',	'Arianna_Walter@scottie.org',	0,	'',	'3113ef9bda62ab0a7214df79c54541453b52',	'0a23d4c86d919d073d65e37d2fa5fb342c66',	'',	'',	'',	0,	0,	'',	'',	'',	'',	'',	'',	'2015-01-25 16:24:27',	'2015-01-25 16:24:27'),
(23,	'Miss Caroline Homenick',	'Arthur',	'Schulist',	'Mae@shawn.org',	0,	'',	'c2cdfc13d0ffb4df29e10770175a4b8295fa',	'22d4e5eea216701c5ffa0557670492bc5f13',	'',	'',	'',	0,	0,	'',	'',	'',	'',	'',	'',	'2015-01-25 16:24:27',	'2015-01-25 16:24:27'),
(24,	'Eugenia Kemmer',	'Johanna',	'Abbott',	'Afton.Harris@hillard.biz',	0,	'',	'89691234fd37c671b0aa6603fb589e81e3d4',	'31cffec6858ca19e6e02bf18c1b6defcca3d',	'',	'',	'',	0,	0,	'',	'',	'',	'',	'',	'',	'2015-01-25 16:24:27',	'2015-01-25 16:24:27'),
(25,	'Alberto Toy',	'Clark',	'Olson',	'Ramona@zoe.biz',	0,	'',	'7b88aa9737b8f075449c6cb919d36e3070c1',	'8ec519d155bac6712fffc568b5380e42981a',	'',	'',	'',	0,	0,	'',	'',	'',	'',	'',	'',	'2015-01-25 16:24:27',	'2015-01-25 16:24:27'),
(26,	'Vicky Johnson',	'Jose',	'Marquardt',	'Itzel@aylin.ca',	0,	'',	'2c7a6229050d563b1212b2b0b6474b367d3a',	'e27d4c001305fe467ed06b35291a4c4a9ce7',	'',	'',	'',	0,	0,	'',	'',	'',	'',	'',	'',	'2015-01-25 16:24:27',	'2015-01-25 16:24:27'),
(27,	'Durward Powlowski',	'Elnora',	'Willms',	'Chance@timmy.info',	0,	'',	'8a6eedf683cc9680996db00db5e45be30968',	'ca44395de1b653695fbee2430ed2a7a61e93',	'',	'',	'',	0,	0,	'',	'',	'',	'',	'',	'',	'2015-01-25 16:24:27',	'2015-01-25 16:24:27'),
(28,	'Ms. Gwendolyn Spinka',	'Matteo',	'Wyman',	'Hillary@alysha.net',	0,	'',	'34a67448c8081b10266c9c7311f2c3dd5c54',	'06f71408dea10142a1261999dff915b86495',	'',	'',	'',	0,	0,	'',	'',	'',	'',	'',	'',	'2015-01-25 16:24:27',	'2015-01-25 16:24:27'),
(29,	'Luciano Koepp',	'Cristal',	'Quigley',	'Kylie@ollie.co.uk',	0,	'',	'aa4ac6ad9fd92eb82c6ebcd319e5f2d1f775',	'3075cff9fb3b9211b49ef15c78bb1a0e61e6',	'',	'',	'',	0,	0,	'',	'',	'',	'',	'',	'',	'2015-01-25 16:24:27',	'2015-01-25 16:24:27'),
(30,	'Vida Lowe Jr.',	'Elenor',	'Berge',	'Watson@samantha.biz',	0,	'',	'4b68b1af1d6626d295b80e3ee5004dbad481',	'30fa77bf5fc0208eb7343fda586144623509',	'',	'',	'',	0,	0,	'',	'',	'',	'',	'',	'',	'2015-01-25 16:24:27',	'2015-01-25 16:24:27'),
(31,	'Garett Keeling',	'Jared',	'Hermiston',	'Lorna@karolann.ca',	0,	'',	'f42b53d6ddc87db9902cce9a31226bac065e',	'a66c47eed55053ccb1f91c662c6325b119f1',	'',	'',	'',	0,	0,	'',	'',	'',	'',	'',	'',	'2015-01-25 16:24:27',	'2015-01-25 16:24:27'),
(32,	'Lori Ankunding V',	'Frida',	'Muller',	'Nicholas@georgiana.net',	0,	'',	'3e1e1d671873ee2163dfa68433e9543de9be',	'99e5460dfe39d0c948bbbc318ef7d4f5fd9a',	'',	'',	'',	0,	0,	'',	'',	'',	'',	'',	'',	'2015-01-25 16:24:27',	'2015-01-25 16:24:27'),
(33,	'Tyrique Emard',	'Shanon',	'Pollich',	'Vita_Borer@amie.us',	0,	'',	'5c614ed9574380306896cb5e9f874f41c310',	'1694d476db6bccafb6e8d86e0573da5646bd',	'',	'',	'',	0,	0,	'',	'',	'',	'',	'',	'',	'2015-01-25 16:24:27',	'2015-01-25 16:24:27'),
(34,	'Alexa Wisozk',	'Meaghan',	'Lubowitz',	'Gilbert@makenzie.us',	0,	'',	'cfeb1cf6bac6ca1b2a532cbe23766923616c',	'8d70e63a5dbc7272d81b438493509fa4ec51',	'',	'',	'',	0,	0,	'',	'',	'',	'',	'',	'',	'2015-01-25 16:24:27',	'2015-01-25 16:24:27'),
(35,	'Ollie Wolff',	'Luz',	'Breitenberg',	'Andreanne_Ortiz@melany.info',	0,	'',	'b322b9f15b38267fdbe01685c8a6adf89fb3',	'ea1e3d685242d026b8b026c68138df74c4ad',	'',	'',	'',	0,	0,	'',	'',	'',	'',	'',	'',	'2015-01-25 16:24:27',	'2015-01-25 16:24:27'),
(36,	'Jean McCullough',	'Orville',	'Hyatt',	'Mackenzie@oswaldo.tv',	0,	'',	'5ae6cc0bafa1e0dc8c89ed83246b6bc5b1f6',	'edcd54e12a129dd90f988ac1d254ac165a98',	'',	'',	'',	0,	0,	'',	'',	'',	'',	'',	'',	'2015-01-25 16:24:27',	'2015-01-25 16:24:27'),
(37,	'Modesta Thiel',	'Annabell',	'Ortiz',	'Sasha.Kertzmann@jamey.info',	0,	'',	'3db8e5d273f8647762d5bac5dc7121de9d36',	'801609f0a4498f1fad62e2f8f068b7d43dfd',	'',	'',	'',	0,	0,	'',	'',	'',	'',	'',	'',	'2015-01-25 16:24:27',	'2015-01-25 16:24:27'),
(38,	'Ali Schultz',	'Hailey',	'Langworth',	'Percy_Bergnaum@tracey.tv',	0,	'',	'267ce0f0cb6fa32556f75aefee9d4e4e1507',	'd163460a3b6f9dc61e5f7b64136553499434',	'',	'',	'',	0,	0,	'',	'',	'',	'',	'',	'',	'2015-01-25 16:24:27',	'2015-01-25 16:24:27'),
(39,	'Flossie Kulas',	'Price',	'Gleichner',	'Vanessa.Rodriguez@macey.biz',	0,	'',	'806058850509b01ce6de577a315db5e0ac0e',	'cbf206c3291985282c7953b0bdfb6fb15b2a',	'',	'',	'',	0,	0,	'',	'',	'',	'',	'',	'',	'2015-01-25 16:24:27',	'2015-01-25 16:24:27'),
(40,	'Dr. Rylee Pfeffer',	'Dora',	'Oberbrunner',	'Chesley.Rippin@deangelo.biz',	0,	'',	'38fe54f83460f7bb9ff154a4d5df4c9c4ec6',	'849123b592db1216e2cc245f3a88fe9283ee',	'',	'',	'',	0,	0,	'',	'',	'',	'',	'',	'',	'2015-01-25 16:24:27',	'2015-01-25 16:24:27'),
(41,	'Hallie Walter',	'Rickie',	'Bogan',	'Kitty@layne.name',	0,	'',	'f0966d388dd7dd512cf092f42ecdef1a9ee4',	'ea97ae69c82c357d7df6b80b0d6d2c888aca',	'',	'',	'',	0,	0,	'',	'',	'',	'',	'',	'',	'2015-01-25 16:24:27',	'2015-01-25 16:24:27'),
(42,	'Edna Kub Sr.',	'Carolanne',	'Johnston',	'Alexane@amelie.biz',	0,	'',	'4462c9ce8014620a36900313fb4c5e133ea9',	'72126a453d5357696904cdb7119b7f4ce2c1',	'',	'',	'',	0,	0,	'',	'',	'',	'',	'',	'',	'2015-01-25 16:24:27',	'2015-01-25 16:24:27'),
(43,	'Gisselle Bartoletti',	'Leopold',	'Koelpin',	'Golden@laila.me',	0,	'',	'28ebe8ec568ba61301d52ebf9c062816b8cd',	'1e7693c16434f193bfe996513f224cf6bd69',	'',	'',	'',	0,	0,	'',	'',	'',	'',	'',	'',	'2015-01-25 16:24:27',	'2015-01-25 16:24:27'),
(44,	'Leopoldo Ferry',	'Clay',	'Larkin',	'Lloyd@litzy.me',	0,	'',	'eea5f799083370ddc6b199bbd35efe35e3d0',	'9f4ca29c428f920be3e3eb94b0ab9d80efc8',	'',	'',	'',	0,	0,	'',	'',	'',	'',	'',	'',	'2015-01-25 16:24:27',	'2015-01-25 16:24:27'),
(45,	'Shawna Waters',	'Mandy',	'Will',	'Forest.Boyer@celestino.ca',	0,	'',	'c6656221160c24afa2151685ef9ca067dbda',	'9007468979b0041cdcaf9be6f36ca13d0332',	'',	'',	'',	0,	0,	'',	'',	'',	'',	'',	'',	'2015-01-25 16:24:27',	'2015-01-25 16:24:27'),
(46,	'Darrell Connelly',	'Selina',	'Bashirian',	'Elbert.Hodkiewicz@aurelie.me',	0,	'',	'b0421a9c1421d5af87dbc0d17c6fb484f339',	'b56062e5ca2875bbe30f67ec645a41d426f1',	'',	'',	'',	0,	0,	'',	'',	'',	'',	'',	'',	'2015-01-25 16:24:27',	'2015-01-25 16:24:27'),
(47,	'Laurianne Leffler Jr.',	'Princess',	'Tremblay',	'Gerry.Harris@electa.tv',	0,	'',	'7ab747e7d5f5384142dd5a1129c1f475df14',	'f25c1c91497428d8121a9057e31ea09755b2',	'',	'',	'',	0,	0,	'',	'',	'',	'',	'',	'',	'2015-01-25 16:24:27',	'2015-01-25 16:24:27'),
(48,	'Brown Thiel',	'Lester',	'Kulas',	'Felicity_Harvey@alize.io',	0,	'',	'2cf00905498670d8bf838f83bf2c5ca6a01b',	'cfec0f2f07a7b0a76f8f3a55a981537f9080',	'',	'',	'',	0,	0,	'',	'',	'',	'',	'',	'',	'2015-01-25 16:24:27',	'2015-01-25 16:24:27'),
(49,	'Kylie Toy',	'Leonard',	'O\'Connell',	'Minnie@kobe.us',	0,	'',	'26caed05103e41a97c433ef8778592c60334',	'47d30da66ff4abc18d8715868b4d54a2239e',	'',	'',	'',	0,	0,	'',	'',	'',	'',	'',	'',	'2015-01-25 16:24:27',	'2015-01-25 16:24:27'),
(50,	'Emil Hammes Jr.',	'Amir',	'Larkin',	'Garret_Kulas@bonita.co.uk',	0,	'',	'cb23e0510057efbc8558667fbbd6137ccdb1',	'ff1fb837b212c2dc0f72ff535fd9c2734e7e',	'',	'',	'',	0,	0,	'',	'',	'',	'',	'',	'',	'2015-01-25 16:24:27',	'2015-01-25 16:24:27'),
(51,	'Zackary Ward',	'Ophelia',	'Koss',	'Elenora_Nicolas@monte.biz',	0,	'',	'cb82c78835c2b6e47c10b17d43cc77f64f83',	'b8687ae9eea7270b9604612b0e3b57de5ca4',	'',	'',	'',	0,	0,	'',	'',	'',	'',	'',	'',	'2015-01-25 16:24:27',	'2015-01-25 16:24:27'),
(52,	'Adrian Franecki II',	'Patricia',	'Fay',	'Alison@william.org',	0,	'',	'18baf82f9d0e60ea3e6cfd39c748b034ac09',	'513e97a9a133f1a441bb56651ebfebf1217b',	'',	'',	'',	0,	0,	'',	'',	'',	'',	'',	'',	'2015-01-25 16:24:27',	'2015-01-25 16:24:27'),
(53,	'Osborne Marvin',	'Wilton',	'Kulas',	'Amos_Kuhn@randall.biz',	0,	'',	'7a0025e989528551c1cf45606ed71b931e84',	'eb146eb5af14d71a3455a1e90231b995cdb9',	'',	'',	'',	0,	0,	'',	'',	'',	'',	'',	'',	'2015-01-25 16:24:27',	'2015-01-25 16:24:27'),
(54,	'Christa Morissette',	'Catherine',	'Mann',	'Dorris@jameson.tv',	0,	'',	'a5ae7937e643141180e9b76da5d5bd6067e5',	'0fadb31cc3500273324fbb51201ba74d2de6',	'',	'',	'',	0,	0,	'',	'',	'',	'',	'',	'',	'2015-01-25 16:24:27',	'2015-01-25 16:24:27'),
(55,	'Jordi Kuhlman',	'Victor',	'Ledner',	'Xzavier@einar.name',	0,	'',	'878087e6c41a648b933d6b0435b41ce1bcf6',	'2e347784b10423c772b19e0ba128fca93ceb',	'',	'',	'',	0,	0,	'',	'',	'',	'',	'',	'',	'2015-01-25 16:24:27',	'2015-01-25 16:24:27'),
(56,	'Mack Gibson',	'Kasey',	'Hirthe',	'Sonya@sage.me',	0,	'',	'abe62994b68ea33158968ee9bb73254695df',	'4087320e7b74f9f07193c1aa820e8a1d6ebe',	'',	'',	'',	0,	0,	'',	'',	'',	'',	'',	'',	'2015-01-25 16:24:27',	'2015-01-25 16:24:27'),
(57,	'Anissa Cormier',	'Jordi',	'Hessel',	'Scarlett_Harris@gerald.co.uk',	0,	'',	'ba7fd2b6101e64109cb7c277e2ff05a2df19',	'ed879cbad049fc34b90eca96dd81c0dbd548',	'',	'',	'',	0,	0,	'',	'',	'',	'',	'',	'',	'2015-01-25 16:24:27',	'2015-01-25 16:24:27'),
(58,	'Yadira Jacobi',	'Antone',	'Kerluke',	'Everette_Skiles@osborne.net',	0,	'',	'159fc32297af7e0aa05f4a4e8b278ffc3062',	'8feb897dd3b07428dfebdf27593977eea7d3',	'',	'',	'',	0,	0,	'',	'',	'',	'',	'',	'',	'2015-01-25 16:24:27',	'2015-01-25 16:24:27'),
(59,	'Jeremy Kihn',	'Hyman',	'Schmidt',	'Kristy@harvey.org',	0,	'',	'd7b48e912cac80fd406a2c2689dc1c639eb6',	'5e7563cd8ca1b1fb3eaf096d5316a03959b6',	'',	'',	'',	0,	0,	'',	'',	'',	'',	'',	'',	'2015-01-25 16:24:27',	'2015-01-25 16:24:27'),
(60,	'Joanie Adams',	'Quinten',	'McClure',	'Humberto.Krajcik@vladimir.co.uk',	0,	'',	'75c419dfa267a9c8da9535b11477c7a639b8',	'fa0bb90e1fcd8daf83f04ed535d2b3d923b3',	'',	'',	'',	0,	0,	'',	'',	'',	'',	'',	'',	'2015-01-25 16:24:27',	'2015-01-25 16:24:27'),
(61,	'Noble Nolan I',	'Laisha',	'Koch',	'Tiffany.Quitzon@flavio.com',	0,	'',	'38c20546d60b433485861ad7759045eefa47',	'b7a70cd5a949421dc6b3c739490a09c292b3',	'',	'',	'',	0,	0,	'',	'',	'',	'',	'',	'',	'2015-01-25 16:24:27',	'2015-01-25 16:24:27'),
(62,	'Mr. Kristofer Yost',	'Jeramy',	'Lindgren',	'Bonnie.OConnell@shanel.name',	0,	'',	'143ccb206758311b890bd40ae1c5917aa0ac',	'b04f0ec8c47c511ebe5f6e137bf76f7dd7c0',	'',	'',	'',	0,	0,	'',	'',	'',	'',	'',	'',	'2015-01-25 16:24:27',	'2015-01-25 16:24:27'),
(63,	'Anika Abbott',	'Adriel',	'Gaylord',	'Celia.Gusikowski@emiliano.biz',	0,	'',	'5edffc1f8d32b843eb862a41d6a1677989e9',	'3d986e509a4c2aa157af2967429ee7291187',	'',	'',	'',	0,	0,	'',	'',	'',	'',	'',	'',	'2015-01-25 16:24:27',	'2015-01-25 16:24:27'),
(64,	'Pink Paucek Sr.',	'Archibald',	'Cruickshank',	'Nadia_Grady@jedediah.us',	0,	'',	'd0325b0e6073aaaf7bc1212e2f9fead2645e',	'7fb9c9e69e66f8eb2a69174d794d1e88b670',	'',	'',	'',	0,	0,	'',	'',	'',	'',	'',	'',	'2015-01-25 16:24:27',	'2015-01-25 16:24:27'),
(65,	'Joshua King DVM',	'Wilfred',	'Rowe',	'Daphnee@abdiel.us',	0,	'',	'eb0f79ab94bb00c342cf4a956ffeb7a12ad8',	'9bc4cbd0cf7aa4e77dbe42df4ae99dca3613',	'',	'',	'',	0,	0,	'',	'',	'',	'',	'',	'',	'2015-01-25 16:24:27',	'2015-01-25 16:24:27'),
(66,	'Jaylon Jones',	'Clementina',	'Fahey',	'Ransom@roselyn.org',	0,	'',	'0afa3d5d1f1a6a5aea5465645186721ce9a9',	'7bbac59616ff3eb6d6624b6333581d1c6e91',	'',	'',	'',	0,	0,	'',	'',	'',	'',	'',	'',	'2015-01-25 16:24:27',	'2015-01-25 16:24:27'),
(67,	'Aglae Ward',	'Adrian',	'Fadel',	'Gail@magnus.tv',	0,	'',	'c02cbdb1e514886cacf2eab93849e5c65ebd',	'a525aa8f5f639b5bf5c3e9a6b3cde20aef31',	'',	'',	'',	0,	0,	'',	'',	'',	'',	'',	'',	'2015-01-25 16:24:27',	'2015-01-25 16:24:27'),
(68,	'Jeremie Cassin PhD',	'Eryn',	'Schaefer',	'Kristin@maxwell.me',	0,	'',	'c34d5caf8b52130b450437b56fe5ca99fff6',	'c37a979b4187339336a246d32228331ccb43',	'',	'',	'',	0,	0,	'',	'',	'',	'',	'',	'',	'2015-01-25 16:24:27',	'2015-01-25 16:24:27'),
(69,	'Cathy O\'Hara MD',	'Lloyd',	'Hudson',	'Casey_Koss@mozell.biz',	0,	'',	'02e2463271c2e546c98dfb925c8af3f1ec98',	'20b103e6a4701dfeeff04e2cab3f5461fef2',	'',	'',	'',	0,	0,	'',	'',	'',	'',	'',	'',	'2015-01-25 16:24:27',	'2015-01-25 16:24:27'),
(70,	'Chanelle Kunze',	'Rebeka',	'Marquardt',	'Margret@lacey.biz',	0,	'',	'4a2e821196459d1a9da8e21b388d6a9bb472',	'b8aa8278efcd51d97bc6b5f8811ebfeb3c19',	'',	'',	'',	0,	0,	'',	'',	'',	'',	'',	'',	'2015-01-25 16:24:27',	'2015-01-25 16:24:27'),
(71,	'test',	'',	'',	'test@gmail.com',	0,	'',	'i03GjEmBH048d03Qz09rlnY9D',	'$2y$10$um8gG29AwR5jpDUWo9NhDufQ03dlOW6eDsvDtfpMtZ18TsmdJ7z3O',	'',	'',	'',	0,	0,	'iaiLesVo5OlF5e4s30ZzsGEzmRIsWDhe4HgmMOPHn8SFzlYOQN05EeAWX1YO',	'test',	'Al Badaa',	'Dubai',	'',	'',	'2015-01-27 11:30:05',	'2015-01-27 03:20:27'),
(72,	'admin@gmail.com',	'',	'',	'admin@gmail.com',	0,	'Ukrainian',	'249k30GHLl2BhIaix1K6g0LzZ',	'admin',	'',	'',	'',	0,	0,	'rcKgaHlb7UzmOUA8P3mzsm1VXcpu3r1tYKJtdgKSEq35Itjm38S7RuvBacN5',	'111111111',	'Al Badaa',	'Dubai',	'thong tay hoi',	'go vap ',	'2015-01-30 11:34:51',	'2015-01-27 03:22:12'),
(73,	'thinhvoxuan',	'',	'',	'thinh@gmail.com',	0,	'',	'wVO17CqgR173E1LOD0s8wAeF5',	'$2y$10$vLt05.HadZfkED6hpPrhJeoy2ROZ3LOdr6JqGLxiBVbergqq38gMG',	'',	'',	'',	0,	0,	'',	'',	'',	'',	'',	'',	'2015-01-27 11:05:29',	'2015-01-27 11:05:29'),
(74,	'yourname',	'',	'',	'youremail@gmail.com',	0,	'',	'ADLL4bA13rTBcgLXZai4z6Tv5',	'$2y$10$54Fb43fPiyRQ0bKnxx43BuKG1eES5yXWojBRNFhYa7petevCT6Vre',	'',	'',	'',	0,	0,	'27V6ZEglHIc0Wraiw7N2PMFyya6kmtmEQ97qOb7T5vLuDJHUH8wF1RdPdajS',	'909090909090',	'',	'',	'',	'',	'2015-01-27 11:11:28',	'2015-01-27 11:07:13'),
(75,	'username',	'',	'',	'uesrname@gmail.com',	0,	'',	'UcCf5IEF2OCWZ662e155s8m8s',	'$2y$10$8nXE19d4SU6TJv9ilYZ4/OroPanyIjnTPb77kyOWCLuIjrRntlozm',	'',	'',	'',	0,	0,	'CTdJnOrvvfR1GwY80hy9yeEKBZh2lxWnU6aPaZMxiof1qfqOD4VC8zUsAOjJ',	'092039102390',	'',	'',	'',	'',	'2015-01-27 12:45:37',	'2015-01-27 11:38:00');

DELIMITER ;;

CREATE TRIGGER `users_create` BEFORE INSERT ON `users` FOR EACH ROW
SET NEW.created_at = NOW(), NEW.updated_at = NOW();;

CREATE TRIGGER `users_update` BEFORE UPDATE ON `users` FOR EACH ROW
SET NEW.updated_at = NOW(), NEW.created_at = OLD.created_at;;

DELIMITER ;

-- 2015-01-30 13:12:04
